magic	version	structure	wire_size	field	type	offset_lp64	offset_ilp32
0x115a	sysstat-3.2.4	file_hdr	217	sa_actflag	U32	0	0
0x115a	sysstat-3.2.4	file_hdr	217	sa_magic	U16	4	4
0x115a	sysstat-3.2.4	file_hdr	217	sa_st_size	U16	6	6
0x115a	sysstat-3.2.4	file_hdr	217	sa_nr_pid	U32	8	8
0x115a	sysstat-3.2.4	file_hdr	217	sa_irqcpu	U32	12	12
0x115a	sysstat-3.2.4	file_hdr	217	sa_day	U8	16	16
0x115a	sysstat-3.2.4	file_hdr	217	sa_month	U8	17	17
0x115a	sysstat-3.2.4	file_hdr	217	sa_year	U8	18	18
0x115a	sysstat-3.2.4	file_hdr	217	sa_proc	U8	19	19
0x115a	sysstat-3.2.4	file_hdr	217	sa_serial	U8	20	20
0x115a	sysstat-3.2.4	file_hdr	217	sa_iface	U8	21	21
0x115a	sysstat-3.2.4	file_hdr	217	sa_sysname	Bytes(65)	22	22
0x115a	sysstat-3.2.4	file_hdr	217	sa_nodename	Bytes(65)	87	87
0x115a	sysstat-3.2.4	file_hdr	217	sa_release	Bytes(65)	152	152
0x115a	sysstat-3.2.4	file_stats	232	record_type	U8	0	0
0x115a	sysstat-3.2.4	file_stats	232	hour	U8	1	1
0x115a	sysstat-3.2.4	file_stats	232	minute	U8	2	2
0x115a	sysstat-3.2.4	file_stats	232	second	U8	3	3
0x115a	sysstat-3.2.4	file_stats	232	nr_processes	U32	4	4
0x115a	sysstat-3.2.4	file_stats	232	uptime	CULong	8	8
0x115a	sysstat-3.2.4	file_stats	232	processes	CULong	16	16
0x115a	sysstat-3.2.4	file_stats	232	context_swtch	U32	24	24
0x115a	sysstat-3.2.4	file_stats	232	cpu_user	U32	28	28
0x115a	sysstat-3.2.4	file_stats	232	cpu_nice	U32	32	32
0x115a	sysstat-3.2.4	file_stats	232	cpu_system	U32	36	36
0x115a	sysstat-3.2.4	file_stats	232	cpu_idle	CULong	40	40
0x115a	sysstat-3.2.4	file_stats	232	irq_sum	U32	48	48
0x115a	sysstat-3.2.4	file_stats	232	pgpgin	U32	52	52
0x115a	sysstat-3.2.4	file_stats	232	pgpgout	U32	56	56
0x115a	sysstat-3.2.4	file_stats	232	pswpin	U32	60	60
0x115a	sysstat-3.2.4	file_stats	232	pswpout	U32	64	64
0x115a	sysstat-3.2.4	file_stats	232	dk_drive	U32	68	68
0x115a	sysstat-3.2.4	file_stats	232	dk_drive_rio	U32	72	72
0x115a	sysstat-3.2.4	file_stats	232	dk_drive_wio	U32	76	76
0x115a	sysstat-3.2.4	file_stats	232	dk_drive_rblk	U32	80	80
0x115a	sysstat-3.2.4	file_stats	232	dk_drive_wblk	U32	84	84
0x115a	sysstat-3.2.4	file_stats	232	frmkb	CULong	88	88
0x115a	sysstat-3.2.4	file_stats	232	shmkb	CULong	96	96
0x115a	sysstat-3.2.4	file_stats	232	bufkb	CULong	104	104
0x115a	sysstat-3.2.4	file_stats	232	camkb	CULong	112	112
0x115a	sysstat-3.2.4	file_stats	232	tlmkb	CULong	120	120
0x115a	sysstat-3.2.4	file_stats	232	frskb	CULong	128	128
0x115a	sysstat-3.2.4	file_stats	232	tlskb	CULong	136	136
0x115a	sysstat-3.2.4	file_stats	232	minflt	CULong	144	144
0x115a	sysstat-3.2.4	file_stats	232	majflt	CULong	152	152
0x115a	sysstat-3.2.4	file_stats	232	dentry_stat	U32	160	160
0x115a	sysstat-3.2.4	file_stats	232	file_used	U32	164	164
0x115a	sysstat-3.2.4	file_stats	232	file_max	U32	168	168
0x115a	sysstat-3.2.4	file_stats	232	inode_used	U32	172	172
0x115a	sysstat-3.2.4	file_stats	232	inode_max	U32	176	176
0x115a	sysstat-3.2.4	file_stats	232	super_used	U32	180	180
0x115a	sysstat-3.2.4	file_stats	232	super_max	U32	184	184
0x115a	sysstat-3.2.4	file_stats	232	dquot_used	U32	188	188
0x115a	sysstat-3.2.4	file_stats	232	dquot_max	U32	192	192
0x115a	sysstat-3.2.4	file_stats	232	rtsig_queued	U32	196	196
0x115a	sysstat-3.2.4	file_stats	232	rtsig_max	U32	200	200
0x115a	sysstat-3.2.4	file_stats	232	sock_inuse	U32	204	204
0x115a	sysstat-3.2.4	file_stats	232	tcp_inuse	U32	208	208
0x115a	sysstat-3.2.4	file_stats	232	tcp_highestinuse	U32	212	212
0x115a	sysstat-3.2.4	file_stats	232	udp_inuse	U32	216	216
0x115a	sysstat-3.2.4	file_stats	232	udp_highestinuse	U32	220	220
0x115a	sysstat-3.2.4	file_stats	232	raw_inuse	U32	224	224
0x115a	sysstat-3.2.4	file_stats	232	raw_highestinuse	U32	228	228
0x115a	sysstat-3.2.4	stats_one_cpu	24	per_cpu_idle	CULong	0	0
0x115a	sysstat-3.2.4	stats_one_cpu	24	per_cpu_user	U32	8	8
0x115a	sysstat-3.2.4	stats_one_cpu	24	per_cpu_nice	U32	12	12
0x115a	sysstat-3.2.4	stats_one_cpu	24	per_cpu_system	U32	16	16
0x115a	sysstat-3.2.4	stats_serial	16	rx	U32	0	0
0x115a	sysstat-3.2.4	stats_serial	16	tx	U32	4	4
0x115a	sysstat-3.2.4	stats_serial	16	line	U8	8	8
0x115a	sysstat-3.2.4	stats_net_dev	136	rx_packets	CULong	0	0
0x115a	sysstat-3.2.4	stats_net_dev	136	tx_packets	CULong	8	8
0x115a	sysstat-3.2.4	stats_net_dev	136	rx_bytes	CULong	16	16
0x115a	sysstat-3.2.4	stats_net_dev	136	tx_bytes	CULong	24	24
0x115a	sysstat-3.2.4	stats_net_dev	136	rx_compressed	CULong	32	32
0x115a	sysstat-3.2.4	stats_net_dev	136	tx_compressed	CULong	40	40
0x115a	sysstat-3.2.4	stats_net_dev	136	multicast	CULong	48	48
0x115a	sysstat-3.2.4	stats_net_dev	136	collisions	CULong	56	56
0x115a	sysstat-3.2.4	stats_net_dev	136	rx_errors	CULong	64	64
0x115a	sysstat-3.2.4	stats_net_dev	136	tx_errors	CULong	72	72
0x115a	sysstat-3.2.4	stats_net_dev	136	rx_dropped	CULong	80	80
0x115a	sysstat-3.2.4	stats_net_dev	136	tx_dropped	CULong	88	88
0x115a	sysstat-3.2.4	stats_net_dev	136	rx_fifo_errors	CULong	96	96
0x115a	sysstat-3.2.4	stats_net_dev	136	tx_fifo_errors	CULong	104	104
0x115a	sysstat-3.2.4	stats_net_dev	136	rx_frame_errors	CULong	112	112
0x115a	sysstat-3.2.4	stats_net_dev	136	tx_carrier_errors	CULong	120	120
0x115a	sysstat-3.2.4	stats_net_dev	136	interface	Bytes(7)	128	128
0x115a	sysstat-3.2.4	stats_irq_cpu	8	interrupt	U32	0	0
0x115a	sysstat-3.2.4	stats_irq_cpu	8	irq	U32	4	4
0x215a	sysstat-3.3.2	file_hdr	225	sa_actflag	U32	0	0
0x215a	sysstat-3.3.2	file_hdr	225	sa_magic	U16	4	4
0x215a	sysstat-3.3.2	file_hdr	225	sa_st_size	U16	6	6
0x215a	sysstat-3.3.2	file_hdr	225	sa_nr_pid	U32	8	8
0x215a	sysstat-3.3.2	file_hdr	225	sa_irqcpu	U32	12	12
0x215a	sysstat-3.3.2	file_hdr	225	sa_ust_time	CULong	16	16
0x215a	sysstat-3.3.2	file_hdr	225	sa_day	U8	24	24
0x215a	sysstat-3.3.2	file_hdr	225	sa_month	U8	25	25
0x215a	sysstat-3.3.2	file_hdr	225	sa_year	U8	26	26
0x215a	sysstat-3.3.2	file_hdr	225	sa_proc	U8	27	27
0x215a	sysstat-3.3.2	file_hdr	225	sa_serial	U8	28	28
0x215a	sysstat-3.3.2	file_hdr	225	sa_iface	U8	29	29
0x215a	sysstat-3.3.2	file_hdr	225	sa_sysname	Bytes(65)	30	30
0x215a	sysstat-3.3.2	file_hdr	225	sa_nodename	Bytes(65)	95	95
0x215a	sysstat-3.3.2	file_hdr	225	sa_release	Bytes(65)	160	160
0x215a	sysstat-3.3.2	file_stats	240	record_type	U8	0	0
0x215a	sysstat-3.3.2	file_stats	240	hour	U8	1	1
0x215a	sysstat-3.3.2	file_stats	240	minute	U8	2	2
0x215a	sysstat-3.3.2	file_stats	240	second	U8	3	3
0x215a	sysstat-3.3.2	file_stats	240	nr_processes	U32	4	4
0x215a	sysstat-3.3.2	file_stats	240	ust_time	CULong	8	8
0x215a	sysstat-3.3.2	file_stats	240	uptime	CULong	16	16
0x215a	sysstat-3.3.2	file_stats	240	processes	CULong	24	24
0x215a	sysstat-3.3.2	file_stats	240	context_swtch	U32	32	32
0x215a	sysstat-3.3.2	file_stats	240	cpu_user	U32	36	36
0x215a	sysstat-3.3.2	file_stats	240	cpu_nice	U32	40	40
0x215a	sysstat-3.3.2	file_stats	240	cpu_system	U32	44	44
0x215a	sysstat-3.3.2	file_stats	240	cpu_idle	CULong	48	48
0x215a	sysstat-3.3.2	file_stats	240	irq_sum	U32	56	56
0x215a	sysstat-3.3.2	file_stats	240	pgpgin	U32	60	60
0x215a	sysstat-3.3.2	file_stats	240	pgpgout	U32	64	64
0x215a	sysstat-3.3.2	file_stats	240	pswpin	U32	68	68
0x215a	sysstat-3.3.2	file_stats	240	pswpout	U32	72	72
0x215a	sysstat-3.3.2	file_stats	240	dk_drive	U32	76	76
0x215a	sysstat-3.3.2	file_stats	240	dk_drive_rio	U32	80	80
0x215a	sysstat-3.3.2	file_stats	240	dk_drive_wio	U32	84	84
0x215a	sysstat-3.3.2	file_stats	240	dk_drive_rblk	U32	88	88
0x215a	sysstat-3.3.2	file_stats	240	dk_drive_wblk	U32	92	92
0x215a	sysstat-3.3.2	file_stats	240	frmkb	CULong	96	96
0x215a	sysstat-3.3.2	file_stats	240	shmkb	CULong	104	104
0x215a	sysstat-3.3.2	file_stats	240	bufkb	CULong	112	112
0x215a	sysstat-3.3.2	file_stats	240	camkb	CULong	120	120
0x215a	sysstat-3.3.2	file_stats	240	tlmkb	CULong	128	128
0x215a	sysstat-3.3.2	file_stats	240	frskb	CULong	136	136
0x215a	sysstat-3.3.2	file_stats	240	tlskb	CULong	144	144
0x215a	sysstat-3.3.2	file_stats	240	minflt	CULong	152	152
0x215a	sysstat-3.3.2	file_stats	240	majflt	CULong	160	160
0x215a	sysstat-3.3.2	file_stats	240	dentry_stat	U32	168	168
0x215a	sysstat-3.3.2	file_stats	240	file_used	U32	172	172
0x215a	sysstat-3.3.2	file_stats	240	file_max	U32	176	176
0x215a	sysstat-3.3.2	file_stats	240	inode_used	U32	180	180
0x215a	sysstat-3.3.2	file_stats	240	inode_max	U32	184	184
0x215a	sysstat-3.3.2	file_stats	240	super_used	U32	188	188
0x215a	sysstat-3.3.2	file_stats	240	super_max	U32	192	192
0x215a	sysstat-3.3.2	file_stats	240	dquot_used	U32	196	196
0x215a	sysstat-3.3.2	file_stats	240	dquot_max	U32	200	200
0x215a	sysstat-3.3.2	file_stats	240	rtsig_queued	U32	204	204
0x215a	sysstat-3.3.2	file_stats	240	rtsig_max	U32	208	208
0x215a	sysstat-3.3.2	file_stats	240	sock_inuse	U32	212	212
0x215a	sysstat-3.3.2	file_stats	240	tcp_inuse	U32	216	216
0x215a	sysstat-3.3.2	file_stats	240	tcp_highestinuse	U32	220	220
0x215a	sysstat-3.3.2	file_stats	240	udp_inuse	U32	224	224
0x215a	sysstat-3.3.2	file_stats	240	udp_highestinuse	U32	228	228
0x215a	sysstat-3.3.2	file_stats	240	raw_inuse	U32	232	232
0x215a	sysstat-3.3.2	file_stats	240	raw_highestinuse	U32	236	236
0x215a	sysstat-3.3.2	stats_one_cpu	24	per_cpu_idle	CULong	0	0
0x215a	sysstat-3.3.2	stats_one_cpu	24	per_cpu_user	U32	8	8
0x215a	sysstat-3.3.2	stats_one_cpu	24	per_cpu_nice	U32	12	12
0x215a	sysstat-3.3.2	stats_one_cpu	24	per_cpu_system	U32	16	16
0x215a	sysstat-3.3.2	stats_serial	16	rx	U32	0	0
0x215a	sysstat-3.3.2	stats_serial	16	tx	U32	4	4
0x215a	sysstat-3.3.2	stats_serial	16	line	U8	8	8
0x215a	sysstat-3.3.2	stats_net_dev	136	rx_packets	CULong	0	0
0x215a	sysstat-3.3.2	stats_net_dev	136	tx_packets	CULong	8	8
0x215a	sysstat-3.3.2	stats_net_dev	136	rx_bytes	CULong	16	16
0x215a	sysstat-3.3.2	stats_net_dev	136	tx_bytes	CULong	24	24
0x215a	sysstat-3.3.2	stats_net_dev	136	rx_compressed	CULong	32	32
0x215a	sysstat-3.3.2	stats_net_dev	136	tx_compressed	CULong	40	40
0x215a	sysstat-3.3.2	stats_net_dev	136	multicast	CULong	48	48
0x215a	sysstat-3.3.2	stats_net_dev	136	collisions	CULong	56	56
0x215a	sysstat-3.3.2	stats_net_dev	136	rx_errors	CULong	64	64
0x215a	sysstat-3.3.2	stats_net_dev	136	tx_errors	CULong	72	72
0x215a	sysstat-3.3.2	stats_net_dev	136	rx_dropped	CULong	80	80
0x215a	sysstat-3.3.2	stats_net_dev	136	tx_dropped	CULong	88	88
0x215a	sysstat-3.3.2	stats_net_dev	136	rx_fifo_errors	CULong	96	96
0x215a	sysstat-3.3.2	stats_net_dev	136	tx_fifo_errors	CULong	104	104
0x215a	sysstat-3.3.2	stats_net_dev	136	rx_frame_errors	CULong	112	112
0x215a	sysstat-3.3.2	stats_net_dev	136	tx_carrier_errors	CULong	120	120
0x215a	sysstat-3.3.2	stats_net_dev	136	interface	Bytes(7)	128	128
0x215a	sysstat-3.3.2	stats_irq_cpu	8	interrupt	U32	0	0
0x215a	sysstat-3.3.2	stats_irq_cpu	8	irq	U32	4	4
0x215b	sysstat-3.3.5	file_hdr	225	sa_actflag	U32	0	0
0x215b	sysstat-3.3.5	file_hdr	225	sa_magic	U16	4	4
0x215b	sysstat-3.3.5	file_hdr	225	sa_st_size	U16	6	6
0x215b	sysstat-3.3.5	file_hdr	225	sa_nr_pid	U32	8	8
0x215b	sysstat-3.3.5	file_hdr	225	sa_irqcpu	U32	12	12
0x215b	sysstat-3.3.5	file_hdr	225	sa_ust_time	CULong	16	16
0x215b	sysstat-3.3.5	file_hdr	225	sa_day	U8	24	24
0x215b	sysstat-3.3.5	file_hdr	225	sa_month	U8	25	25
0x215b	sysstat-3.3.5	file_hdr	225	sa_year	U8	26	26
0x215b	sysstat-3.3.5	file_hdr	225	sa_proc	U8	27	27
0x215b	sysstat-3.3.5	file_hdr	225	sa_serial	U8	28	28
0x215b	sysstat-3.3.5	file_hdr	225	sa_iface	U8	29	29
0x215b	sysstat-3.3.5	file_hdr	225	sa_sysname	Bytes(65)	30	30
0x215b	sysstat-3.3.5	file_hdr	225	sa_nodename	Bytes(65)	95	95
0x215b	sysstat-3.3.5	file_hdr	225	sa_release	Bytes(65)	160	160
0x215b	sysstat-3.3.5	file_stats	228	record_type	U8	0	0
0x215b	sysstat-3.3.5	file_stats	228	hour	U8	1	1
0x215b	sysstat-3.3.5	file_stats	228	minute	U8	2	2
0x215b	sysstat-3.3.5	file_stats	228	second	U8	3	3
0x215b	sysstat-3.3.5	file_stats	228	nr_processes	U32	4	4
0x215b	sysstat-3.3.5	file_stats	228	ust_time	CULong	8	8
0x215b	sysstat-3.3.5	file_stats	228	uptime	CULong	16	16
0x215b	sysstat-3.3.5	file_stats	228	processes	CULong	24	24
0x215b	sysstat-3.3.5	file_stats	228	context_swtch	U32	32	32
0x215b	sysstat-3.3.5	file_stats	228	cpu_user	U32	36	36
0x215b	sysstat-3.3.5	file_stats	228	cpu_nice	U32	40	40
0x215b	sysstat-3.3.5	file_stats	228	cpu_system	U32	44	44
0x215b	sysstat-3.3.5	file_stats	228	cpu_idle	CULong	48	48
0x215b	sysstat-3.3.5	file_stats	228	irq_sum	U32	56	56
0x215b	sysstat-3.3.5	file_stats	228	pgpgin	U32	60	60
0x215b	sysstat-3.3.5	file_stats	228	pgpgout	U32	64	64
0x215b	sysstat-3.3.5	file_stats	228	pswpin	U32	68	68
0x215b	sysstat-3.3.5	file_stats	228	pswpout	U32	72	72
0x215b	sysstat-3.3.5	file_stats	228	dk_drive	U32	76	76
0x215b	sysstat-3.3.5	file_stats	228	dk_drive_rio	U32	80	80
0x215b	sysstat-3.3.5	file_stats	228	dk_drive_wio	U32	84	84
0x215b	sysstat-3.3.5	file_stats	228	dk_drive_rblk	U32	88	88
0x215b	sysstat-3.3.5	file_stats	228	dk_drive_wblk	U32	92	92
0x215b	sysstat-3.3.5	file_stats	228	frmkb	CULong	96	96
0x215b	sysstat-3.3.5	file_stats	228	shmkb	CULong	104	104
0x215b	sysstat-3.3.5	file_stats	228	bufkb	CULong	112	112
0x215b	sysstat-3.3.5	file_stats	228	camkb	CULong	120	120
0x215b	sysstat-3.3.5	file_stats	228	tlmkb	CULong	128	128
0x215b	sysstat-3.3.5	file_stats	228	frskb	CULong	136	136
0x215b	sysstat-3.3.5	file_stats	228	tlskb	CULong	144	144
0x215b	sysstat-3.3.5	file_stats	228	minflt	CULong	152	152
0x215b	sysstat-3.3.5	file_stats	228	majflt	CULong	160	160
0x215b	sysstat-3.3.5	file_stats	228	dentry_stat	U32	168	168
0x215b	sysstat-3.3.5	file_stats	228	file_used	U32	172	172
0x215b	sysstat-3.3.5	file_stats	228	file_max	U32	176	176
0x215b	sysstat-3.3.5	file_stats	228	inode_used	U32	180	180
0x215b	sysstat-3.3.5	file_stats	228	super_used	U32	184	184
0x215b	sysstat-3.3.5	file_stats	228	super_max	U32	188	188
0x215b	sysstat-3.3.5	file_stats	228	dquot_used	U32	192	192
0x215b	sysstat-3.3.5	file_stats	228	dquot_max	U32	196	196
0x215b	sysstat-3.3.5	file_stats	228	rtsig_queued	U32	200	200
0x215b	sysstat-3.3.5	file_stats	228	rtsig_max	U32	204	204
0x215b	sysstat-3.3.5	file_stats	228	sock_inuse	U32	208	208
0x215b	sysstat-3.3.5	file_stats	228	tcp_inuse	U32	212	212
0x215b	sysstat-3.3.5	file_stats	228	udp_inuse	U32	216	216
0x215b	sysstat-3.3.5	file_stats	228	raw_inuse	U32	220	220
0x215b	sysstat-3.3.5	file_stats	228	frag_inuse	U32	224	224
0x215b	sysstat-3.3.5	stats_one_cpu	24	per_cpu_idle	CULong	0	0
0x215b	sysstat-3.3.5	stats_one_cpu	24	per_cpu_user	U32	8	8
0x215b	sysstat-3.3.5	stats_one_cpu	24	per_cpu_nice	U32	12	12
0x215b	sysstat-3.3.5	stats_one_cpu	24	per_cpu_system	U32	16	16
0x215b	sysstat-3.3.5	stats_serial	16	rx	U32	0	0
0x215b	sysstat-3.3.5	stats_serial	16	tx	U32	4	4
0x215b	sysstat-3.3.5	stats_serial	16	line	U8	8	8
0x215b	sysstat-3.3.5	stats_net_dev	136	rx_packets	CULong	0	0
0x215b	sysstat-3.3.5	stats_net_dev	136	tx_packets	CULong	8	8
0x215b	sysstat-3.3.5	stats_net_dev	136	rx_bytes	CULong	16	16
0x215b	sysstat-3.3.5	stats_net_dev	136	tx_bytes	CULong	24	24
0x215b	sysstat-3.3.5	stats_net_dev	136	rx_compressed	CULong	32	32
0x215b	sysstat-3.3.5	stats_net_dev	136	tx_compressed	CULong	40	40
0x215b	sysstat-3.3.5	stats_net_dev	136	multicast	CULong	48	48
0x215b	sysstat-3.3.5	stats_net_dev	136	collisions	CULong	56	56
0x215b	sysstat-3.3.5	stats_net_dev	136	rx_errors	CULong	64	64
0x215b	sysstat-3.3.5	stats_net_dev	136	tx_errors	CULong	72	72
0x215b	sysstat-3.3.5	stats_net_dev	136	rx_dropped	CULong	80	80
0x215b	sysstat-3.3.5	stats_net_dev	136	tx_dropped	CULong	88	88
0x215b	sysstat-3.3.5	stats_net_dev	136	rx_fifo_errors	CULong	96	96
0x215b	sysstat-3.3.5	stats_net_dev	136	tx_fifo_errors	CULong	104	104
0x215b	sysstat-3.3.5	stats_net_dev	136	rx_frame_errors	CULong	112	112
0x215b	sysstat-3.3.5	stats_net_dev	136	tx_carrier_errors	CULong	120	120
0x215b	sysstat-3.3.5	stats_net_dev	136	interface	Bytes(7)	128	128
0x215b	sysstat-3.3.5	stats_irq_cpu	8	interrupt	U32	0	0
0x215b	sysstat-3.3.5	stats_irq_cpu	8	irq	U32	4	4
0x215d	sysstat-4.0.4.orig	file_hdr	229	sa_actflag	U32	0	0
0x215d	sysstat-4.0.4.orig	file_hdr	229	sa_magic	U16	4	4
0x215d	sysstat-4.0.4.orig	file_hdr	229	sa_st_size	U16	6	6
0x215d	sysstat-4.0.4.orig	file_hdr	229	sa_nr_pid	U32	8	8
0x215d	sysstat-4.0.4.orig	file_hdr	229	sa_irqcpu	U32	12	12
0x215d	sysstat-4.0.4.orig	file_hdr	229	sa_ust_time	CULong	16	16
0x215d	sysstat-4.0.4.orig	file_hdr	229	sa_nr_disk	U32	24	24
0x215d	sysstat-4.0.4.orig	file_hdr	229	sa_day	U8	28	28
0x215d	sysstat-4.0.4.orig	file_hdr	229	sa_month	U8	29	29
0x215d	sysstat-4.0.4.orig	file_hdr	229	sa_year	U8	30	30
0x215d	sysstat-4.0.4.orig	file_hdr	229	sa_proc	U8	31	31
0x215d	sysstat-4.0.4.orig	file_hdr	229	sa_serial	U8	32	32
0x215d	sysstat-4.0.4.orig	file_hdr	229	sa_iface	U8	33	33
0x215d	sysstat-4.0.4.orig	file_hdr	229	sa_sysname	Bytes(65)	34	34
0x215d	sysstat-4.0.4.orig	file_hdr	229	sa_nodename	Bytes(65)	99	99
0x215d	sysstat-4.0.4.orig	file_hdr	229	sa_release	Bytes(65)	164	164
0x215d	sysstat-4.0.4.orig	file_stats	264	record_type	U8	0	0
0x215d	sysstat-4.0.4.orig	file_stats	264	hour	U8	1	1
0x215d	sysstat-4.0.4.orig	file_stats	264	minute	U8	2	2
0x215d	sysstat-4.0.4.orig	file_stats	264	second	U8	3	3
0x215d	sysstat-4.0.4.orig	file_stats	264	nr_processes	U32	4	4
0x215d	sysstat-4.0.4.orig	file_stats	264	ust_time	CULong	8	8
0x215d	sysstat-4.0.4.orig	file_stats	264	uptime	CULong	16	16
0x215d	sysstat-4.0.4.orig	file_stats	264	processes	CULong	24	24
0x215d	sysstat-4.0.4.orig	file_stats	264	context_swtch	U32	32	32
0x215d	sysstat-4.0.4.orig	file_stats	264	cpu_user	U32	36	36
0x215d	sysstat-4.0.4.orig	file_stats	264	cpu_nice	U32	40	40
0x215d	sysstat-4.0.4.orig	file_stats	264	cpu_system	U32	44	44
0x215d	sysstat-4.0.4.orig	file_stats	264	cpu_idle	CULong	48	48
0x215d	sysstat-4.0.4.orig	file_stats	264	irq_sum	U32	56	56
0x215d	sysstat-4.0.4.orig	file_stats	264	pgpgin	U32	60	60
0x215d	sysstat-4.0.4.orig	file_stats	264	pgpgout	U32	64	64
0x215d	sysstat-4.0.4.orig	file_stats	264	pswpin	U32	68	68
0x215d	sysstat-4.0.4.orig	file_stats	264	pswpout	U32	72	72
0x215d	sysstat-4.0.4.orig	file_stats	264	dk_drive	U32	76	76
0x215d	sysstat-4.0.4.orig	file_stats	264	dk_drive_rio	U32	80	80
0x215d	sysstat-4.0.4.orig	file_stats	264	dk_drive_wio	U32	84	84
0x215d	sysstat-4.0.4.orig	file_stats	264	dk_drive_rblk	U32	88	88
0x215d	sysstat-4.0.4.orig	file_stats	264	dk_drive_wblk	U32	92	92
0x215d	sysstat-4.0.4.orig	file_stats	264	frmkb	CULong	96	96
0x215d	sysstat-4.0.4.orig	file_stats	264	shmkb	CULong	104	104
0x215d	sysstat-4.0.4.orig	file_stats	264	bufkb	CULong	112	112
0x215d	sysstat-4.0.4.orig	file_stats	264	camkb	CULong	120	120
0x215d	sysstat-4.0.4.orig	file_stats	264	tlmkb	CULong	128	128
0x215d	sysstat-4.0.4.orig	file_stats	264	frskb	CULong	136	136
0x215d	sysstat-4.0.4.orig	file_stats	264	tlskb	CULong	144	144
0x215d	sysstat-4.0.4.orig	file_stats	264	minflt	CULong	152	152
0x215d	sysstat-4.0.4.orig	file_stats	264	majflt	CULong	160	160
0x215d	sysstat-4.0.4.orig	file_stats	264	dentry_stat	U32	168	168
0x215d	sysstat-4.0.4.orig	file_stats	264	file_used	U32	172	172
0x215d	sysstat-4.0.4.orig	file_stats	264	file_max	U32	176	176
0x215d	sysstat-4.0.4.orig	file_stats	264	inode_used	U32	180	180
0x215d	sysstat-4.0.4.orig	file_stats	264	super_used	U32	184	184
0x215d	sysstat-4.0.4.orig	file_stats	264	super_max	U32	188	188
0x215d	sysstat-4.0.4.orig	file_stats	264	dquot_used	U32	192	192
0x215d	sysstat-4.0.4.orig	file_stats	264	dquot_max	U32	196	196
0x215d	sysstat-4.0.4.orig	file_stats	264	rtsig_queued	U32	200	200
0x215d	sysstat-4.0.4.orig	file_stats	264	rtsig_max	U32	204	204
0x215d	sysstat-4.0.4.orig	file_stats	264	sock_inuse	U32	208	208
0x215d	sysstat-4.0.4.orig	file_stats	264	tcp_inuse	U32	212	212
0x215d	sysstat-4.0.4.orig	file_stats	264	udp_inuse	U32	216	216
0x215d	sysstat-4.0.4.orig	file_stats	264	raw_inuse	U32	220	220
0x215d	sysstat-4.0.4.orig	file_stats	264	frag_inuse	U32	224	224
0x215d	sysstat-4.0.4.orig	file_stats	264	nr_active_pages	U32	228	228
0x215d	sysstat-4.0.4.orig	file_stats	264	nr_inactive_dirty_pages	U32	232	232
0x215d	sysstat-4.0.4.orig	file_stats	264	nr_inactive_clean_pages	U32	236	236
0x215d	sysstat-4.0.4.orig	file_stats	264	inactive_target	CULong	240	240
0x215d	sysstat-4.0.4.orig	file_stats	264	load_avg_1	U32	248	248
0x215d	sysstat-4.0.4.orig	file_stats	264	load_avg_5	U32	252	252
0x215d	sysstat-4.0.4.orig	file_stats	264	nr_running	U32	256	256
0x215d	sysstat-4.0.4.orig	file_stats	264	nr_threads	U32	260	260
0x215d	sysstat-4.0.4.orig	stats_one_cpu	24	per_cpu_idle	CULong	0	0
0x215d	sysstat-4.0.4.orig	stats_one_cpu	24	per_cpu_user	U32	8	8
0x215d	sysstat-4.0.4.orig	stats_one_cpu	24	per_cpu_nice	U32	12	12
0x215d	sysstat-4.0.4.orig	stats_one_cpu	24	per_cpu_system	U32	16	16
0x215d	sysstat-4.0.4.orig	stats_serial	16	rx	U32	0	0
0x215d	sysstat-4.0.4.orig	stats_serial	16	tx	U32	4	4
0x215d	sysstat-4.0.4.orig	stats_serial	16	line	U8	8	8
0x215d	sysstat-4.0.4.orig	stats_net_dev	136	rx_packets	CULong	0	0
0x215d	sysstat-4.0.4.orig	stats_net_dev	136	tx_packets	CULong	8	8
0x215d	sysstat-4.0.4.orig	stats_net_dev	136	rx_bytes	CULong	16	16
0x215d	sysstat-4.0.4.orig	stats_net_dev	136	tx_bytes	CULong	24	24
0x215d	sysstat-4.0.4.orig	stats_net_dev	136	rx_compressed	CULong	32	32
0x215d	sysstat-4.0.4.orig	stats_net_dev	136	tx_compressed	CULong	40	40
0x215d	sysstat-4.0.4.orig	stats_net_dev	136	multicast	CULong	48	48
0x215d	sysstat-4.0.4.orig	stats_net_dev	136	collisions	CULong	56	56
0x215d	sysstat-4.0.4.orig	stats_net_dev	136	rx_errors	CULong	64	64
0x215d	sysstat-4.0.4.orig	stats_net_dev	136	tx_errors	CULong	72	72
0x215d	sysstat-4.0.4.orig	stats_net_dev	136	rx_dropped	CULong	80	80
0x215d	sysstat-4.0.4.orig	stats_net_dev	136	tx_dropped	CULong	88	88
0x215d	sysstat-4.0.4.orig	stats_net_dev	136	rx_fifo_errors	CULong	96	96
0x215d	sysstat-4.0.4.orig	stats_net_dev	136	tx_fifo_errors	CULong	104	104
0x215d	sysstat-4.0.4.orig	stats_net_dev	136	rx_frame_errors	CULong	112	112
0x215d	sysstat-4.0.4.orig	stats_net_dev	136	tx_carrier_errors	CULong	120	120
0x215d	sysstat-4.0.4.orig	stats_net_dev	136	interface	Bytes(7)	128	128
0x215d	sysstat-4.0.4.orig	stats_irq_cpu	8	interrupt	U32	0	0
0x215d	sysstat-4.0.4.orig	stats_irq_cpu	8	irq	U32	4	4
0x215d	sysstat-4.0.4.orig	disk_stats	16	major	U32	0	0
0x215d	sysstat-4.0.4.orig	disk_stats	16	index	U32	4	4
0x215d	sysstat-4.0.4.orig	disk_stats	16	dk_drive	U32	8	8
0x215d	sysstat-4.0.4.orig	disk_stats	16	dk_drive_rwblk	U32	12	12
0x215e	sysstat-4.1.1	file_hdr	229	sa_actflag	U32	0	0
0x215e	sysstat-4.1.1	file_hdr	229	sa_magic	U16	4	4
0x215e	sysstat-4.1.1	file_hdr	229	sa_st_size	U16	6	6
0x215e	sysstat-4.1.1	file_hdr	229	sa_nr_pid	U32	8	8
0x215e	sysstat-4.1.1	file_hdr	229	sa_irqcpu	U32	12	12
0x215e	sysstat-4.1.1	file_hdr	229	sa_ust_time	CULong	16	16
0x215e	sysstat-4.1.1	file_hdr	229	sa_nr_disk	U32	24	24
0x215e	sysstat-4.1.1	file_hdr	229	sa_day	U8	28	28
0x215e	sysstat-4.1.1	file_hdr	229	sa_month	U8	29	29
0x215e	sysstat-4.1.1	file_hdr	229	sa_year	U8	30	30
0x215e	sysstat-4.1.1	file_hdr	229	sa_proc	U8	31	31
0x215e	sysstat-4.1.1	file_hdr	229	sa_serial	U8	32	32
0x215e	sysstat-4.1.1	file_hdr	229	sa_iface	U8	33	33
0x215e	sysstat-4.1.1	file_hdr	229	sa_sysname	Bytes(65)	34	34
0x215e	sysstat-4.1.1	file_hdr	229	sa_nodename	Bytes(65)	99	99
0x215e	sysstat-4.1.1	file_hdr	229	sa_release	Bytes(65)	164	164
0x215e	sysstat-4.1.1	file_stats	272	record_type	U8	0	0
0x215e	sysstat-4.1.1	file_stats	272	hour	U8	1	1
0x215e	sysstat-4.1.1	file_stats	272	minute	U8	2	2
0x215e	sysstat-4.1.1	file_stats	272	second	U8	3	3
0x215e	sysstat-4.1.1	file_stats	272	nr_processes	U32	4	4
0x215e	sysstat-4.1.1	file_stats	272	ust_time	CULong	8	8
0x215e	sysstat-4.1.1	file_stats	272	uptime	CULong	16	16
0x215e	sysstat-4.1.1	file_stats	272	processes	CULong	24	24
0x215e	sysstat-4.1.1	file_stats	272	context_swtch	U32	32	32
0x215e	sysstat-4.1.1	file_stats	272	cpu_user	U32	36	36
0x215e	sysstat-4.1.1	file_stats	272	cpu_nice	U32	40	40
0x215e	sysstat-4.1.1	file_stats	272	cpu_system	U32	44	44
0x215e	sysstat-4.1.1	file_stats	272	cpu_idle	CULong	48	48
0x215e	sysstat-4.1.1	file_stats	272	cpu_iowait	CULong	56	56
0x215e	sysstat-4.1.1	file_stats	272	irq_sum	U32	64	64
0x215e	sysstat-4.1.1	file_stats	272	pgpgin	U32	68	68
0x215e	sysstat-4.1.1	file_stats	272	pgpgout	U32	72	72
0x215e	sysstat-4.1.1	file_stats	272	pswpin	U32	76	76
0x215e	sysstat-4.1.1	file_stats	272	pswpout	U32	80	80
0x215e	sysstat-4.1.1	file_stats	272	dk_drive	U32	84	84
0x215e	sysstat-4.1.1	file_stats	272	dk_drive_rio	U32	88	88
0x215e	sysstat-4.1.1	file_stats	272	dk_drive_wio	U32	92	92
0x215e	sysstat-4.1.1	file_stats	272	dk_drive_rblk	U32	96	96
0x215e	sysstat-4.1.1	file_stats	272	dk_drive_wblk	U32	100	100
0x215e	sysstat-4.1.1	file_stats	272	frmkb	CULong	104	104
0x215e	sysstat-4.1.1	file_stats	272	shmkb	CULong	112	112
0x215e	sysstat-4.1.1	file_stats	272	bufkb	CULong	120	120
0x215e	sysstat-4.1.1	file_stats	272	camkb	CULong	128	128
0x215e	sysstat-4.1.1	file_stats	272	tlmkb	CULong	136	136
0x215e	sysstat-4.1.1	file_stats	272	frskb	CULong	144	144
0x215e	sysstat-4.1.1	file_stats	272	tlskb	CULong	152	152
0x215e	sysstat-4.1.1	file_stats	272	minflt	CULong	160	160
0x215e	sysstat-4.1.1	file_stats	272	majflt	CULong	168	168
0x215e	sysstat-4.1.1	file_stats	272	dentry_stat	U32	176	176
0x215e	sysstat-4.1.1	file_stats	272	file_used	U32	180	180
0x215e	sysstat-4.1.1	file_stats	272	file_max	U32	184	184
0x215e	sysstat-4.1.1	file_stats	272	inode_used	U32	188	188
0x215e	sysstat-4.1.1	file_stats	272	super_used	U32	192	192
0x215e	sysstat-4.1.1	file_stats	272	super_max	U32	196	196
0x215e	sysstat-4.1.1	file_stats	272	dquot_used	U32	200	200
0x215e	sysstat-4.1.1	file_stats	272	dquot_max	U32	204	204
0x215e	sysstat-4.1.1	file_stats	272	rtsig_queued	U32	208	208
0x215e	sysstat-4.1.1	file_stats	272	rtsig_max	U32	212	212
0x215e	sysstat-4.1.1	file_stats	272	sock_inuse	U32	216	216
0x215e	sysstat-4.1.1	file_stats	272	tcp_inuse	U32	220	220
0x215e	sysstat-4.1.1	file_stats	272	udp_inuse	U32	224	224
0x215e	sysstat-4.1.1	file_stats	272	raw_inuse	U32	228	228
0x215e	sysstat-4.1.1	file_stats	272	frag_inuse	U32	232	232
0x215e	sysstat-4.1.1	file_stats	272	nr_active_pages	U32	236	236
0x215e	sysstat-4.1.1	file_stats	272	nr_inactive_dirty_pages	U32	240	240
0x215e	sysstat-4.1.1	file_stats	272	nr_inactive_clean_pages	U32	244	244
0x215e	sysstat-4.1.1	file_stats	272	inactive_target	CULong	248	248
0x215e	sysstat-4.1.1	file_stats	272	load_avg_1	U32	256	256
0x215e	sysstat-4.1.1	file_stats	272	load_avg_5	U32	260	260
0x215e	sysstat-4.1.1	file_stats	272	nr_running	U32	264	264
0x215e	sysstat-4.1.1	file_stats	272	nr_threads	U32	268	268
0x215e	sysstat-4.1.1	stats_one_cpu	32	per_cpu_idle	CULong	0	0
0x215e	sysstat-4.1.1	stats_one_cpu	32	per_cpu_iowait	CULong	8	8
0x215e	sysstat-4.1.1	stats_one_cpu	32	per_cpu_user	U32	16	16
0x215e	sysstat-4.1.1	stats_one_cpu	32	per_cpu_nice	U32	20	20
0x215e	sysstat-4.1.1	stats_one_cpu	32	per_cpu_system	U32	24	24
0x215e	sysstat-4.1.1	stats_serial	16	rx	U32	0	0
0x215e	sysstat-4.1.1	stats_serial	16	tx	U32	4	4
0x215e	sysstat-4.1.1	stats_serial	16	line	U8	8	8
0x215e	sysstat-4.1.1	stats_net_dev	136	rx_packets	CULong	0	0
0x215e	sysstat-4.1.1	stats_net_dev	136	tx_packets	CULong	8	8
0x215e	sysstat-4.1.1	stats_net_dev	136	rx_bytes	CULong	16	16
0x215e	sysstat-4.1.1	stats_net_dev	136	tx_bytes	CULong	24	24
0x215e	sysstat-4.1.1	stats_net_dev	136	rx_compressed	CULong	32	32
0x215e	sysstat-4.1.1	stats_net_dev	136	tx_compressed	CULong	40	40
0x215e	sysstat-4.1.1	stats_net_dev	136	multicast	CULong	48	48
0x215e	sysstat-4.1.1	stats_net_dev	136	collisions	CULong	56	56
0x215e	sysstat-4.1.1	stats_net_dev	136	rx_errors	CULong	64	64
0x215e	sysstat-4.1.1	stats_net_dev	136	tx_errors	CULong	72	72
0x215e	sysstat-4.1.1	stats_net_dev	136	rx_dropped	CULong	80	80
0x215e	sysstat-4.1.1	stats_net_dev	136	tx_dropped	CULong	88	88
0x215e	sysstat-4.1.1	stats_net_dev	136	rx_fifo_errors	CULong	96	96
0x215e	sysstat-4.1.1	stats_net_dev	136	tx_fifo_errors	CULong	104	104
0x215e	sysstat-4.1.1	stats_net_dev	136	rx_frame_errors	CULong	112	112
0x215e	sysstat-4.1.1	stats_net_dev	136	tx_carrier_errors	CULong	120	120
0x215e	sysstat-4.1.1	stats_net_dev	136	interface	Bytes(7)	128	128
0x215e	sysstat-4.1.1	stats_irq_cpu	8	interrupt	U32	0	0
0x215e	sysstat-4.1.1	stats_irq_cpu	8	irq	U32	4	4
0x215e	sysstat-4.1.1	disk_stats	16	major	U32	0	0
0x215e	sysstat-4.1.1	disk_stats	16	index	U32	4	4
0x215e	sysstat-4.1.1	disk_stats	16	dk_drive	U32	8	8
0x215e	sysstat-4.1.1	disk_stats	16	dk_drive_rwblk	U32	12	12
0x215f	sysstat-4.1.3	file_hdr	229	sa_actflag	U32	0	0
0x215f	sysstat-4.1.3	file_hdr	229	sa_magic	U16	4	4
0x215f	sysstat-4.1.3	file_hdr	229	sa_st_size	U16	6	6
0x215f	sysstat-4.1.3	file_hdr	229	sa_nr_pid	U32	8	8
0x215f	sysstat-4.1.3	file_hdr	229	sa_irqcpu	U32	12	12
0x215f	sysstat-4.1.3	file_hdr	229	sa_ust_time	CULong	16	16
0x215f	sysstat-4.1.3	file_hdr	229	sa_nr_disk	U32	24	24
0x215f	sysstat-4.1.3	file_hdr	229	sa_day	U8	28	28
0x215f	sysstat-4.1.3	file_hdr	229	sa_month	U8	29	29
0x215f	sysstat-4.1.3	file_hdr	229	sa_year	U8	30	30
0x215f	sysstat-4.1.3	file_hdr	229	sa_proc	U8	31	31
0x215f	sysstat-4.1.3	file_hdr	229	sa_serial	U8	32	32
0x215f	sysstat-4.1.3	file_hdr	229	sa_iface	U8	33	33
0x215f	sysstat-4.1.3	file_hdr	229	sa_sysname	Bytes(65)	34	34
0x215f	sysstat-4.1.3	file_hdr	229	sa_nodename	Bytes(65)	99	99
0x215f	sysstat-4.1.3	file_hdr	229	sa_release	Bytes(65)	164	164
0x215f	sysstat-4.1.3	file_stats	276	record_type	U8	0	0
0x215f	sysstat-4.1.3	file_stats	276	hour	U8	1	1
0x215f	sysstat-4.1.3	file_stats	276	minute	U8	2	2
0x215f	sysstat-4.1.3	file_stats	276	second	U8	3	3
0x215f	sysstat-4.1.3	file_stats	276	nr_processes	U32	4	4
0x215f	sysstat-4.1.3	file_stats	276	ust_time	CULong	8	8
0x215f	sysstat-4.1.3	file_stats	276	uptime	CULong	16	16
0x215f	sysstat-4.1.3	file_stats	276	processes	CULong	24	24
0x215f	sysstat-4.1.3	file_stats	276	context_swtch	U32	32	32
0x215f	sysstat-4.1.3	file_stats	276	cpu_user	U32	36	36
0x215f	sysstat-4.1.3	file_stats	276	cpu_nice	U32	40	40
0x215f	sysstat-4.1.3	file_stats	276	cpu_system	U32	44	44
0x215f	sysstat-4.1.3	file_stats	276	cpu_idle	CULong	48	48
0x215f	sysstat-4.1.3	file_stats	276	cpu_iowait	CULong	56	56
0x215f	sysstat-4.1.3	file_stats	276	irq_sum	U32	64	64
0x215f	sysstat-4.1.3	file_stats	276	pgpgin	U32	68	68
0x215f	sysstat-4.1.3	file_stats	276	pgpgout	U32	72	72
0x215f	sysstat-4.1.3	file_stats	276	pswpin	U32	76	76
0x215f	sysstat-4.1.3	file_stats	276	pswpout	U32	80	80
0x215f	sysstat-4.1.3	file_stats	276	dk_drive	U32	84	84
0x215f	sysstat-4.1.3	file_stats	276	dk_drive_rio	U32	88	88
0x215f	sysstat-4.1.3	file_stats	276	dk_drive_wio	U32	92	92
0x215f	sysstat-4.1.3	file_stats	276	dk_drive_rblk	U32	96	96
0x215f	sysstat-4.1.3	file_stats	276	dk_drive_wblk	U32	100	100
0x215f	sysstat-4.1.3	file_stats	276	frmkb	CULong	104	104
0x215f	sysstat-4.1.3	file_stats	276	shmkb	CULong	112	112
0x215f	sysstat-4.1.3	file_stats	276	bufkb	CULong	120	120
0x215f	sysstat-4.1.3	file_stats	276	camkb	CULong	128	128
0x215f	sysstat-4.1.3	file_stats	276	tlmkb	CULong	136	136
0x215f	sysstat-4.1.3	file_stats	276	frskb	CULong	144	144
0x215f	sysstat-4.1.3	file_stats	276	tlskb	CULong	152	152
0x215f	sysstat-4.1.3	file_stats	276	minflt	CULong	160	160
0x215f	sysstat-4.1.3	file_stats	276	majflt	CULong	168	168
0x215f	sysstat-4.1.3	file_stats	276	dentry_stat	U32	176	176
0x215f	sysstat-4.1.3	file_stats	276	file_used	U32	180	180
0x215f	sysstat-4.1.3	file_stats	276	file_max	U32	184	184
0x215f	sysstat-4.1.3	file_stats	276	inode_used	U32	188	188
0x215f	sysstat-4.1.3	file_stats	276	super_used	U32	192	192
0x215f	sysstat-4.1.3	file_stats	276	super_max	U32	196	196
0x215f	sysstat-4.1.3	file_stats	276	dquot_used	U32	200	200
0x215f	sysstat-4.1.3	file_stats	276	dquot_max	U32	204	204
0x215f	sysstat-4.1.3	file_stats	276	rtsig_queued	U32	208	208
0x215f	sysstat-4.1.3	file_stats	276	rtsig_max	U32	212	212
0x215f	sysstat-4.1.3	file_stats	276	sock_inuse	U32	216	216
0x215f	sysstat-4.1.3	file_stats	276	tcp_inuse	U32	220	220
0x215f	sysstat-4.1.3	file_stats	276	udp_inuse	U32	224	224
0x215f	sysstat-4.1.3	file_stats	276	raw_inuse	U32	228	228
0x215f	sysstat-4.1.3	file_stats	276	frag_inuse	U32	232	232
0x215f	sysstat-4.1.3	file_stats	276	nr_active_pages	U32	236	236
0x215f	sysstat-4.1.3	file_stats	276	nr_inactive_dirty_pages	U32	240	240
0x215f	sysstat-4.1.3	file_stats	276	nr_inactive_clean_pages	U32	244	244
0x215f	sysstat-4.1.3	file_stats	276	inactive_target	CULong	248	248
0x215f	sysstat-4.1.3	file_stats	276	load_avg_1	U32	256	256
0x215f	sysstat-4.1.3	file_stats	276	load_avg_5	U32	260	260
0x215f	sysstat-4.1.3	file_stats	276	load_avg_15	U32	264	264
0x215f	sysstat-4.1.3	file_stats	276	nr_running	U32	268	268
0x215f	sysstat-4.1.3	file_stats	276	nr_threads	U32	272	272
0x215f	sysstat-4.1.3	stats_one_cpu	32	per_cpu_idle	CULong	0	0
0x215f	sysstat-4.1.3	stats_one_cpu	32	per_cpu_iowait	CULong	8	8
0x215f	sysstat-4.1.3	stats_one_cpu	32	per_cpu_user	U32	16	16
0x215f	sysstat-4.1.3	stats_one_cpu	32	per_cpu_nice	U32	20	20
0x215f	sysstat-4.1.3	stats_one_cpu	32	per_cpu_system	U32	24	24
0x215f	sysstat-4.1.3	stats_serial	16	rx	U32	0	0
0x215f	sysstat-4.1.3	stats_serial	16	tx	U32	4	4
0x215f	sysstat-4.1.3	stats_serial	16	line	U8	8	8
0x215f	sysstat-4.1.3	stats_net_dev	136	rx_packets	CULong	0	0
0x215f	sysstat-4.1.3	stats_net_dev	136	tx_packets	CULong	8	8
0x215f	sysstat-4.1.3	stats_net_dev	136	rx_bytes	CULong	16	16
0x215f	sysstat-4.1.3	stats_net_dev	136	tx_bytes	CULong	24	24
0x215f	sysstat-4.1.3	stats_net_dev	136	rx_compressed	CULong	32	32
0x215f	sysstat-4.1.3	stats_net_dev	136	tx_compressed	CULong	40	40
0x215f	sysstat-4.1.3	stats_net_dev	136	multicast	CULong	48	48
0x215f	sysstat-4.1.3	stats_net_dev	136	collisions	CULong	56	56
0x215f	sysstat-4.1.3	stats_net_dev	136	rx_errors	CULong	64	64
0x215f	sysstat-4.1.3	stats_net_dev	136	tx_errors	CULong	72	72
0x215f	sysstat-4.1.3	stats_net_dev	136	rx_dropped	CULong	80	80
0x215f	sysstat-4.1.3	stats_net_dev	136	tx_dropped	CULong	88	88
0x215f	sysstat-4.1.3	stats_net_dev	136	rx_fifo_errors	CULong	96	96
0x215f	sysstat-4.1.3	stats_net_dev	136	tx_fifo_errors	CULong	104	104
0x215f	sysstat-4.1.3	stats_net_dev	136	rx_frame_errors	CULong	112	112
0x215f	sysstat-4.1.3	stats_net_dev	136	tx_carrier_errors	CULong	120	120
0x215f	sysstat-4.1.3	stats_net_dev	136	interface	Bytes(7)	128	128
0x215f	sysstat-4.1.3	stats_irq_cpu	8	interrupt	U32	0	0
0x215f	sysstat-4.1.3	stats_irq_cpu	8	irq	U32	4	4
0x215f	sysstat-4.1.3	disk_stats	16	major	U32	0	0
0x215f	sysstat-4.1.3	disk_stats	16	index	U32	4	4
0x215f	sysstat-4.1.3	disk_stats	16	dk_drive	U32	8	8
0x215f	sysstat-4.1.3	disk_stats	16	dk_drive_rwblk	U32	12	12
0x2160	sysstat-4.1.4	file_hdr	232	sa_actflag	U32	0	0
0x2160	sysstat-4.1.4	file_hdr	232	sa_magic	U16	4	4
0x2160	sysstat-4.1.4	file_hdr	232	sa_st_size	U16	6	6
0x2160	sysstat-4.1.4	file_hdr	232	sa_nr_pid	U32	8	8
0x2160	sysstat-4.1.4	file_hdr	232	sa_irqcpu	U32	12	12
0x2160	sysstat-4.1.4	file_hdr	232	sa_ust_time	CULong	16	16
0x2160	sysstat-4.1.4	file_hdr	232	sa_nr_disk	U32	24	24
0x2160	sysstat-4.1.4	file_hdr	232	sa_day	U8	28	28
0x2160	sysstat-4.1.4	file_hdr	232	sa_month	U8	29	29
0x2160	sysstat-4.1.4	file_hdr	232	sa_year	U8	30	30
0x2160	sysstat-4.1.4	file_hdr	232	sa_proc	U8	31	31
0x2160	sysstat-4.1.4	file_hdr	232	sa_serial	U8	32	32
0x2160	sysstat-4.1.4	file_hdr	232	sa_iface	U8	33	33
0x2160	sysstat-4.1.4	file_hdr	232	sa_sysname	Bytes(65)	34	34
0x2160	sysstat-4.1.4	file_hdr	232	sa_nodename	Bytes(65)	99	99
0x2160	sysstat-4.1.4	file_hdr	232	sa_release	Bytes(65)	164	164
0x2160	sysstat-4.1.4	file_stats	264	record_type	U8	0	0
0x2160	sysstat-4.1.4	file_stats	264	hour	U8	1	1
0x2160	sysstat-4.1.4	file_stats	264	minute	U8	2	2
0x2160	sysstat-4.1.4	file_stats	264	second	U8	3	3
0x2160	sysstat-4.1.4	file_stats	264	nr_processes	U32	4	4
0x2160	sysstat-4.1.4	file_stats	264	ust_time	CULong	8	8
0x2160	sysstat-4.1.4	file_stats	264	uptime	CULong	16	16
0x2160	sysstat-4.1.4	file_stats	264	processes	CULong	24	24
0x2160	sysstat-4.1.4	file_stats	264	context_swtch	U32	32	32
0x2160	sysstat-4.1.4	file_stats	264	cpu_user	U32	36	36
0x2160	sysstat-4.1.4	file_stats	264	cpu_nice	U32	40	40
0x2160	sysstat-4.1.4	file_stats	264	cpu_system	U32	44	44
0x2160	sysstat-4.1.4	file_stats	264	cpu_idle	CULong	48	48
0x2160	sysstat-4.1.4	file_stats	264	cpu_iowait	CULong	56	56
0x2160	sysstat-4.1.4	file_stats	264	irq_sum	U32	64	64
0x2160	sysstat-4.1.4	file_stats	264	pgpgin	U32	68	68
0x2160	sysstat-4.1.4	file_stats	264	pgpgout	U32	72	72
0x2160	sysstat-4.1.4	file_stats	264	pswpin	U32	76	76
0x2160	sysstat-4.1.4	file_stats	264	pswpout	U32	80	80
0x2160	sysstat-4.1.4	file_stats	264	dk_drive	U32	84	84
0x2160	sysstat-4.1.4	file_stats	264	dk_drive_rio	U32	88	88
0x2160	sysstat-4.1.4	file_stats	264	dk_drive_wio	U32	92	92
0x2160	sysstat-4.1.4	file_stats	264	dk_drive_rblk	U32	96	96
0x2160	sysstat-4.1.4	file_stats	264	dk_drive_wblk	U32	100	100
0x2160	sysstat-4.1.4	file_stats	264	frmkb	CULong	104	104
0x2160	sysstat-4.1.4	file_stats	264	shmkb	CULong	112	112
0x2160	sysstat-4.1.4	file_stats	264	bufkb	CULong	120	120
0x2160	sysstat-4.1.4	file_stats	264	camkb	CULong	128	128
0x2160	sysstat-4.1.4	file_stats	264	tlmkb	CULong	136	136
0x2160	sysstat-4.1.4	file_stats	264	frskb	CULong	144	144
0x2160	sysstat-4.1.4	file_stats	264	tlskb	CULong	152	152
0x2160	sysstat-4.1.4	file_stats	264	dentry_stat	U32	160	160
0x2160	sysstat-4.1.4	file_stats	264	file_used	U32	164	164
0x2160	sysstat-4.1.4	file_stats	264	file_max	U32	168	168
0x2160	sysstat-4.1.4	file_stats	264	inode_used	U32	172	172
0x2160	sysstat-4.1.4	file_stats	264	super_used	U32	176	176
0x2160	sysstat-4.1.4	file_stats	264	super_max	U32	180	180
0x2160	sysstat-4.1.4	file_stats	264	dquot_used	U32	184	184
0x2160	sysstat-4.1.4	file_stats	264	dquot_max	U32	188	188
0x2160	sysstat-4.1.4	file_stats	264	rtsig_queued	U32	192	192
0x2160	sysstat-4.1.4	file_stats	264	rtsig_max	U32	196	196
0x2160	sysstat-4.1.4	file_stats	264	sock_inuse	U32	200	200
0x2160	sysstat-4.1.4	file_stats	264	tcp_inuse	U32	204	204
0x2160	sysstat-4.1.4	file_stats	264	udp_inuse	U32	208	208
0x2160	sysstat-4.1.4	file_stats	264	raw_inuse	U32	212	212
0x2160	sysstat-4.1.4	file_stats	264	frag_inuse	U32	216	216
0x2160	sysstat-4.1.4	file_stats	264	nr_active_pages	U32	220	220
0x2160	sysstat-4.1.4	file_stats	264	nr_inactive_dirty_pages	U32	224	224
0x2160	sysstat-4.1.4	file_stats	264	nr_inactive_clean_pages	U32	228	228
0x2160	sysstat-4.1.4	file_stats	264	inactive_target	CULong	232	232
0x2160	sysstat-4.1.4	file_stats	264	load_avg_1	U32	240	240
0x2160	sysstat-4.1.4	file_stats	264	load_avg_5	U32	244	244
0x2160	sysstat-4.1.4	file_stats	264	load_avg_15	U32	248	248
0x2160	sysstat-4.1.4	file_stats	264	nr_running	U32	252	252
0x2160	sysstat-4.1.4	file_stats	264	nr_threads	U32	256	256
0x2160	sysstat-4.1.4	stats_one_cpu	32	per_cpu_idle	CULong	0	0
0x2160	sysstat-4.1.4	stats_one_cpu	32	per_cpu_iowait	CULong	8	8
0x2160	sysstat-4.1.4	stats_one_cpu	32	per_cpu_user	U32	16	16
0x2160	sysstat-4.1.4	stats_one_cpu	32	per_cpu_nice	U32	20	20
0x2160	sysstat-4.1.4	stats_one_cpu	32	per_cpu_system	U32	24	24
0x2160	sysstat-4.1.4	stats_serial	16	rx	U32	0	0
0x2160	sysstat-4.1.4	stats_serial	16	tx	U32	4	4
0x2160	sysstat-4.1.4	stats_serial	16	line	U8	8	8
0x2160	sysstat-4.1.4	stats_net_dev	136	rx_packets	CULong	0	0
0x2160	sysstat-4.1.4	stats_net_dev	136	tx_packets	CULong	8	8
0x2160	sysstat-4.1.4	stats_net_dev	136	rx_bytes	CULong	16	16
0x2160	sysstat-4.1.4	stats_net_dev	136	tx_bytes	CULong	24	24
0x2160	sysstat-4.1.4	stats_net_dev	136	rx_compressed	CULong	32	32
0x2160	sysstat-4.1.4	stats_net_dev	136	tx_compressed	CULong	40	40
0x2160	sysstat-4.1.4	stats_net_dev	136	multicast	CULong	48	48
0x2160	sysstat-4.1.4	stats_net_dev	136	collisions	CULong	56	56
0x2160	sysstat-4.1.4	stats_net_dev	136	rx_errors	CULong	64	64
0x2160	sysstat-4.1.4	stats_net_dev	136	tx_errors	CULong	72	72
0x2160	sysstat-4.1.4	stats_net_dev	136	rx_dropped	CULong	80	80
0x2160	sysstat-4.1.4	stats_net_dev	136	tx_dropped	CULong	88	88
0x2160	sysstat-4.1.4	stats_net_dev	136	rx_fifo_errors	CULong	96	96
0x2160	sysstat-4.1.4	stats_net_dev	136	tx_fifo_errors	CULong	104	104
0x2160	sysstat-4.1.4	stats_net_dev	136	rx_frame_errors	CULong	112	112
0x2160	sysstat-4.1.4	stats_net_dev	136	tx_carrier_errors	CULong	120	120
0x2160	sysstat-4.1.4	stats_net_dev	136	interface	Bytes(7)	128	128
0x2160	sysstat-4.1.4	stats_irq_cpu	8	interrupt	U32	0	0
0x2160	sysstat-4.1.4	stats_irq_cpu	8	irq	U32	4	4
0x2160	sysstat-4.1.4	disk_stats	16	major	U32	0	0
0x2160	sysstat-4.1.4	disk_stats	16	index	U32	4	4
0x2160	sysstat-4.1.4	disk_stats	16	dk_drive	U32	8	8
0x2160	sysstat-4.1.4	disk_stats	16	dk_drive_rwblk	U32	12	12
0x2161	sysstat-4.1.5	file_hdr	240	sa_actflag	U32	0	0
0x2161	sysstat-4.1.5	file_hdr	240	sa_magic	U16	4	4
0x2161	sysstat-4.1.5	file_hdr	240	sa_st_size	U16	6	6
0x2161	sysstat-4.1.5	file_hdr	240	sa_nr_pid	U32	8	8
0x2161	sysstat-4.1.5	file_hdr	240	sa_irqcpu	U32	12	12
0x2161	sysstat-4.1.5	file_hdr	240	sa_ust_time	CULong	16	16
0x2161	sysstat-4.1.5	file_hdr	240	sa_nr_disk	U32	24	24
0x2161	sysstat-4.1.5	file_hdr	240	sa_proc	U32	28	28
0x2161	sysstat-4.1.5	file_hdr	240	sa_serial	U32	32	32
0x2161	sysstat-4.1.5	file_hdr	240	sa_iface	U32	36	36
0x2161	sysstat-4.1.5	file_hdr	240	sa_day	U8	40	40
0x2161	sysstat-4.1.5	file_hdr	240	sa_month	U8	41	41
0x2161	sysstat-4.1.5	file_hdr	240	sa_year	U8	42	42
0x2161	sysstat-4.1.5	file_hdr	240	sa_sysname	Bytes(65)	43	43
0x2161	sysstat-4.1.5	file_hdr	240	sa_nodename	Bytes(65)	108	108
0x2161	sysstat-4.1.5	file_hdr	240	sa_release	Bytes(65)	173	173
0x2161	sysstat-4.1.5	file_stats	264	record_type	U8	0	0
0x2161	sysstat-4.1.5	file_stats	264	hour	U8	1	1
0x2161	sysstat-4.1.5	file_stats	264	minute	U8	2	2
0x2161	sysstat-4.1.5	file_stats	264	second	U8	3	3
0x2161	sysstat-4.1.5	file_stats	264	nr_processes	U32	4	4
0x2161	sysstat-4.1.5	file_stats	264	ust_time	CULong	8	8
0x2161	sysstat-4.1.5	file_stats	264	uptime	CULong	16	16
0x2161	sysstat-4.1.5	file_stats	264	processes	CULong	24	24
0x2161	sysstat-4.1.5	file_stats	264	context_swtch	U32	32	32
0x2161	sysstat-4.1.5	file_stats	264	cpu_user	U32	36	36
0x2161	sysstat-4.1.5	file_stats	264	cpu_nice	U32	40	40
0x2161	sysstat-4.1.5	file_stats	264	cpu_system	U32	44	44
0x2161	sysstat-4.1.5	file_stats	264	cpu_idle	CULong	48	48
0x2161	sysstat-4.1.5	file_stats	264	cpu_iowait	CULong	56	56
0x2161	sysstat-4.1.5	file_stats	264	irq_sum	U32	64	64
0x2161	sysstat-4.1.5	file_stats	264	pgpgin	U32	68	68
0x2161	sysstat-4.1.5	file_stats	264	pgpgout	U32	72	72
0x2161	sysstat-4.1.5	file_stats	264	pswpin	U32	76	76
0x2161	sysstat-4.1.5	file_stats	264	pswpout	U32	80	80
0x2161	sysstat-4.1.5	file_stats	264	dk_drive	U32	84	84
0x2161	sysstat-4.1.5	file_stats	264	dk_drive_rio	U32	88	88
0x2161	sysstat-4.1.5	file_stats	264	dk_drive_wio	U32	92	92
0x2161	sysstat-4.1.5	file_stats	264	dk_drive_rblk	U32	96	96
0x2161	sysstat-4.1.5	file_stats	264	dk_drive_wblk	U32	100	100
0x2161	sysstat-4.1.5	file_stats	264	frmkb	CULong	104	104
0x2161	sysstat-4.1.5	file_stats	264	shmkb	CULong	112	112
0x2161	sysstat-4.1.5	file_stats	264	bufkb	CULong	120	120
0x2161	sysstat-4.1.5	file_stats	264	camkb	CULong	128	128
0x2161	sysstat-4.1.5	file_stats	264	tlmkb	CULong	136	136
0x2161	sysstat-4.1.5	file_stats	264	frskb	CULong	144	144
0x2161	sysstat-4.1.5	file_stats	264	tlskb	CULong	152	152
0x2161	sysstat-4.1.5	file_stats	264	dentry_stat	U32	160	160
0x2161	sysstat-4.1.5	file_stats	264	file_used	U32	164	164
0x2161	sysstat-4.1.5	file_stats	264	file_max	U32	168	168
0x2161	sysstat-4.1.5	file_stats	264	inode_used	U32	172	172
0x2161	sysstat-4.1.5	file_stats	264	super_used	U32	176	176
0x2161	sysstat-4.1.5	file_stats	264	super_max	U32	180	180
0x2161	sysstat-4.1.5	file_stats	264	dquot_used	U32	184	184
0x2161	sysstat-4.1.5	file_stats	264	dquot_max	U32	188	188
0x2161	sysstat-4.1.5	file_stats	264	rtsig_queued	U32	192	192
0x2161	sysstat-4.1.5	file_stats	264	rtsig_max	U32	196	196
0x2161	sysstat-4.1.5	file_stats	264	sock_inuse	U32	200	200
0x2161	sysstat-4.1.5	file_stats	264	tcp_inuse	U32	204	204
0x2161	sysstat-4.1.5	file_stats	264	udp_inuse	U32	208	208
0x2161	sysstat-4.1.5	file_stats	264	raw_inuse	U32	212	212
0x2161	sysstat-4.1.5	file_stats	264	frag_inuse	U32	216	216
0x2161	sysstat-4.1.5	file_stats	264	nr_active_pages	U32	220	220
0x2161	sysstat-4.1.5	file_stats	264	nr_inactive_dirty_pages	U32	224	224
0x2161	sysstat-4.1.5	file_stats	264	nr_inactive_clean_pages	U32	228	228
0x2161	sysstat-4.1.5	file_stats	264	inactive_target	CULong	232	232
0x2161	sysstat-4.1.5	file_stats	264	load_avg_1	U32	240	240
0x2161	sysstat-4.1.5	file_stats	264	load_avg_5	U32	244	244
0x2161	sysstat-4.1.5	file_stats	264	load_avg_15	U32	248	248
0x2161	sysstat-4.1.5	file_stats	264	nr_running	U32	252	252
0x2161	sysstat-4.1.5	file_stats	264	nr_threads	U32	256	256
0x2161	sysstat-4.1.5	stats_one_cpu	32	per_cpu_idle	CULong	0	0
0x2161	sysstat-4.1.5	stats_one_cpu	32	per_cpu_iowait	CULong	8	8
0x2161	sysstat-4.1.5	stats_one_cpu	32	per_cpu_user	U32	16	16
0x2161	sysstat-4.1.5	stats_one_cpu	32	per_cpu_nice	U32	20	20
0x2161	sysstat-4.1.5	stats_one_cpu	32	per_cpu_system	U32	24	24
0x2161	sysstat-4.1.5	stats_serial	16	rx	U32	0	0
0x2161	sysstat-4.1.5	stats_serial	16	tx	U32	4	4
0x2161	sysstat-4.1.5	stats_serial	16	line	U32	8	8
0x2161	sysstat-4.1.5	stats_net_dev	136	rx_packets	CULong	0	0
0x2161	sysstat-4.1.5	stats_net_dev	136	tx_packets	CULong	8	8
0x2161	sysstat-4.1.5	stats_net_dev	136	rx_bytes	CULong	16	16
0x2161	sysstat-4.1.5	stats_net_dev	136	tx_bytes	CULong	24	24
0x2161	sysstat-4.1.5	stats_net_dev	136	rx_compressed	CULong	32	32
0x2161	sysstat-4.1.5	stats_net_dev	136	tx_compressed	CULong	40	40
0x2161	sysstat-4.1.5	stats_net_dev	136	multicast	CULong	48	48
0x2161	sysstat-4.1.5	stats_net_dev	136	collisions	CULong	56	56
0x2161	sysstat-4.1.5	stats_net_dev	136	rx_errors	CULong	64	64
0x2161	sysstat-4.1.5	stats_net_dev	136	tx_errors	CULong	72	72
0x2161	sysstat-4.1.5	stats_net_dev	136	rx_dropped	CULong	80	80
0x2161	sysstat-4.1.5	stats_net_dev	136	tx_dropped	CULong	88	88
0x2161	sysstat-4.1.5	stats_net_dev	136	rx_fifo_errors	CULong	96	96
0x2161	sysstat-4.1.5	stats_net_dev	136	tx_fifo_errors	CULong	104	104
0x2161	sysstat-4.1.5	stats_net_dev	136	rx_frame_errors	CULong	112	112
0x2161	sysstat-4.1.5	stats_net_dev	136	tx_carrier_errors	CULong	120	120
0x2161	sysstat-4.1.5	stats_net_dev	136	interface	Bytes(7)	128	128
0x2161	sysstat-4.1.5	stats_irq_cpu	8	interrupt	U32	0	0
0x2161	sysstat-4.1.5	stats_irq_cpu	8	irq	U32	4	4
0x2161	sysstat-4.1.5	disk_stats	16	major	U32	0	0
0x2161	sysstat-4.1.5	disk_stats	16	index	U32	4	4
0x2161	sysstat-4.1.5	disk_stats	16	dk_drive	U32	8	8
0x2161	sysstat-4.1.5	disk_stats	16	dk_drive_rwblk	U32	12	12
0x2162	sysstat-4.1.6	file_hdr	240	sa_actflag	U32	0	0
0x2162	sysstat-4.1.6	file_hdr	240	sa_magic	U16	4	4
0x2162	sysstat-4.1.6	file_hdr	240	sa_st_size	U16	6	6
0x2162	sysstat-4.1.6	file_hdr	240	sa_nr_pid	U32	8	8
0x2162	sysstat-4.1.6	file_hdr	240	sa_irqcpu	U32	12	12
0x2162	sysstat-4.1.6	file_hdr	240	sa_ust_time	CULong	16	16
0x2162	sysstat-4.1.6	file_hdr	240	sa_nr_disk	U32	24	24
0x2162	sysstat-4.1.6	file_hdr	240	sa_proc	U32	28	28
0x2162	sysstat-4.1.6	file_hdr	240	sa_serial	U32	32	32
0x2162	sysstat-4.1.6	file_hdr	240	sa_iface	U32	36	36
0x2162	sysstat-4.1.6	file_hdr	240	sa_day	U8	40	40
0x2162	sysstat-4.1.6	file_hdr	240	sa_month	U8	41	41
0x2162	sysstat-4.1.6	file_hdr	240	sa_year	U8	42	42
0x2162	sysstat-4.1.6	file_hdr	240	sa_sysname	Bytes(65)	43	43
0x2162	sysstat-4.1.6	file_hdr	240	sa_nodename	Bytes(65)	108	108
0x2162	sysstat-4.1.6	file_hdr	240	sa_release	Bytes(65)	173	173
0x2162	sysstat-4.1.6	file_stats	272	record_type	U8	0	0
0x2162	sysstat-4.1.6	file_stats	272	hour	U8	1	1
0x2162	sysstat-4.1.6	file_stats	272	minute	U8	2	2
0x2162	sysstat-4.1.6	file_stats	272	second	U8	3	3
0x2162	sysstat-4.1.6	file_stats	272	nr_processes	U32	4	4
0x2162	sysstat-4.1.6	file_stats	272	ust_time	CULong	8	8
0x2162	sysstat-4.1.6	file_stats	272	uptime	CULong	16	16
0x2162	sysstat-4.1.6	file_stats	272	uptime0	CULong	24	24
0x2162	sysstat-4.1.6	file_stats	272	processes	CULong	32	32
0x2162	sysstat-4.1.6	file_stats	272	context_swtch	U32	40	40
0x2162	sysstat-4.1.6	file_stats	272	cpu_user	U32	44	44
0x2162	sysstat-4.1.6	file_stats	272	cpu_nice	U32	48	48
0x2162	sysstat-4.1.6	file_stats	272	cpu_system	U32	52	52
0x2162	sysstat-4.1.6	file_stats	272	cpu_idle	CULong	56	56
0x2162	sysstat-4.1.6	file_stats	272	cpu_iowait	CULong	64	64
0x2162	sysstat-4.1.6	file_stats	272	irq_sum	U32	72	72
0x2162	sysstat-4.1.6	file_stats	272	pgpgin	U32	76	76
0x2162	sysstat-4.1.6	file_stats	272	pgpgout	U32	80	80
0x2162	sysstat-4.1.6	file_stats	272	pswpin	U32	84	84
0x2162	sysstat-4.1.6	file_stats	272	pswpout	U32	88	88
0x2162	sysstat-4.1.6	file_stats	272	dk_drive	U32	92	92
0x2162	sysstat-4.1.6	file_stats	272	dk_drive_rio	U32	96	96
0x2162	sysstat-4.1.6	file_stats	272	dk_drive_wio	U32	100	100
0x2162	sysstat-4.1.6	file_stats	272	dk_drive_rblk	U32	104	104
0x2162	sysstat-4.1.6	file_stats	272	dk_drive_wblk	U32	108	108
0x2162	sysstat-4.1.6	file_stats	272	frmkb	CULong	112	112
0x2162	sysstat-4.1.6	file_stats	272	shmkb	CULong	120	120
0x2162	sysstat-4.1.6	file_stats	272	bufkb	CULong	128	128
0x2162	sysstat-4.1.6	file_stats	272	camkb	CULong	136	136
0x2162	sysstat-4.1.6	file_stats	272	tlmkb	CULong	144	144
0x2162	sysstat-4.1.6	file_stats	272	frskb	CULong	152	152
0x2162	sysstat-4.1.6	file_stats	272	tlskb	CULong	160	160
0x2162	sysstat-4.1.6	file_stats	272	dentry_stat	U32	168	168
0x2162	sysstat-4.1.6	file_stats	272	file_used	U32	172	172
0x2162	sysstat-4.1.6	file_stats	272	file_max	U32	176	176
0x2162	sysstat-4.1.6	file_stats	272	inode_used	U32	180	180
0x2162	sysstat-4.1.6	file_stats	272	super_used	U32	184	184
0x2162	sysstat-4.1.6	file_stats	272	super_max	U32	188	188
0x2162	sysstat-4.1.6	file_stats	272	dquot_used	U32	192	192
0x2162	sysstat-4.1.6	file_stats	272	dquot_max	U32	196	196
0x2162	sysstat-4.1.6	file_stats	272	rtsig_queued	U32	200	200
0x2162	sysstat-4.1.6	file_stats	272	rtsig_max	U32	204	204
0x2162	sysstat-4.1.6	file_stats	272	sock_inuse	U32	208	208
0x2162	sysstat-4.1.6	file_stats	272	tcp_inuse	U32	212	212
0x2162	sysstat-4.1.6	file_stats	272	udp_inuse	U32	216	216
0x2162	sysstat-4.1.6	file_stats	272	raw_inuse	U32	220	220
0x2162	sysstat-4.1.6	file_stats	272	frag_inuse	U32	224	224
0x2162	sysstat-4.1.6	file_stats	272	nr_active_pages	U32	228	228
0x2162	sysstat-4.1.6	file_stats	272	nr_inactive_dirty_pages	U32	232	232
0x2162	sysstat-4.1.6	file_stats	272	nr_inactive_clean_pages	U32	236	236
0x2162	sysstat-4.1.6	file_stats	272	inactive_target	CULong	240	240
0x2162	sysstat-4.1.6	file_stats	272	load_avg_1	U32	248	248
0x2162	sysstat-4.1.6	file_stats	272	load_avg_5	U32	252	252
0x2162	sysstat-4.1.6	file_stats	272	load_avg_15	U32	256	256
0x2162	sysstat-4.1.6	file_stats	272	nr_running	U32	260	260
0x2162	sysstat-4.1.6	file_stats	272	nr_threads	U32	264	264
0x2162	sysstat-4.1.6	stats_one_cpu	32	per_cpu_idle	CULong	0	0
0x2162	sysstat-4.1.6	stats_one_cpu	32	per_cpu_iowait	CULong	8	8
0x2162	sysstat-4.1.6	stats_one_cpu	32	per_cpu_user	U32	16	16
0x2162	sysstat-4.1.6	stats_one_cpu	32	per_cpu_nice	U32	20	20
0x2162	sysstat-4.1.6	stats_one_cpu	32	per_cpu_system	U32	24	24
0x2162	sysstat-4.1.6	stats_serial	16	rx	U32	0	0
0x2162	sysstat-4.1.6	stats_serial	16	tx	U32	4	4
0x2162	sysstat-4.1.6	stats_serial	16	line	U32	8	8
0x2162	sysstat-4.1.6	stats_net_dev	136	rx_packets	CULong	0	0
0x2162	sysstat-4.1.6	stats_net_dev	136	tx_packets	CULong	8	8
0x2162	sysstat-4.1.6	stats_net_dev	136	rx_bytes	CULong	16	16
0x2162	sysstat-4.1.6	stats_net_dev	136	tx_bytes	CULong	24	24
0x2162	sysstat-4.1.6	stats_net_dev	136	rx_compressed	CULong	32	32
0x2162	sysstat-4.1.6	stats_net_dev	136	tx_compressed	CULong	40	40
0x2162	sysstat-4.1.6	stats_net_dev	136	multicast	CULong	48	48
0x2162	sysstat-4.1.6	stats_net_dev	136	collisions	CULong	56	56
0x2162	sysstat-4.1.6	stats_net_dev	136	rx_errors	CULong	64	64
0x2162	sysstat-4.1.6	stats_net_dev	136	tx_errors	CULong	72	72
0x2162	sysstat-4.1.6	stats_net_dev	136	rx_dropped	CULong	80	80
0x2162	sysstat-4.1.6	stats_net_dev	136	tx_dropped	CULong	88	88
0x2162	sysstat-4.1.6	stats_net_dev	136	rx_fifo_errors	CULong	96	96
0x2162	sysstat-4.1.6	stats_net_dev	136	tx_fifo_errors	CULong	104	104
0x2162	sysstat-4.1.6	stats_net_dev	136	rx_frame_errors	CULong	112	112
0x2162	sysstat-4.1.6	stats_net_dev	136	tx_carrier_errors	CULong	120	120
0x2162	sysstat-4.1.6	stats_net_dev	136	interface	Bytes(7)	128	128
0x2162	sysstat-4.1.6	stats_irq_cpu	8	interrupt	U32	0	0
0x2162	sysstat-4.1.6	stats_irq_cpu	8	irq	U32	4	4
0x2162	sysstat-4.1.6	disk_stats	16	major	U32	0	0
0x2162	sysstat-4.1.6	disk_stats	16	index	U32	4	4
0x2162	sysstat-4.1.6	disk_stats	16	dk_drive	U32	8	8
0x2162	sysstat-4.1.6	disk_stats	16	dk_drive_rwblk	U32	12	12
0x2163	sysstat-5.0.6	file_hdr	240	sa_actflag	U32	0	0
0x2163	sysstat-5.0.6	file_hdr	240	sa_magic	U16	4	4
0x2163	sysstat-5.0.6	file_hdr	240	sa_st_size	U16	6	6
0x2163	sysstat-5.0.6	file_hdr	240	sa_nr_pid	U32	8	8
0x2163	sysstat-5.0.6	file_hdr	240	sa_irqcpu	U32	12	12
0x2163	sysstat-5.0.6	file_hdr	240	sa_ust_time	CULong	16	16
0x2163	sysstat-5.0.6	file_hdr	240	sa_nr_disk	U32	24	24
0x2163	sysstat-5.0.6	file_hdr	240	sa_proc	U32	28	28
0x2163	sysstat-5.0.6	file_hdr	240	sa_serial	U32	32	32
0x2163	sysstat-5.0.6	file_hdr	240	sa_iface	U32	36	36
0x2163	sysstat-5.0.6	file_hdr	240	sa_day	U8	40	40
0x2163	sysstat-5.0.6	file_hdr	240	sa_month	U8	41	41
0x2163	sysstat-5.0.6	file_hdr	240	sa_year	U8	42	42
0x2163	sysstat-5.0.6	file_hdr	240	sa_sysname	Bytes(65)	43	43
0x2163	sysstat-5.0.6	file_hdr	240	sa_nodename	Bytes(65)	108	108
0x2163	sysstat-5.0.6	file_hdr	240	sa_release	Bytes(65)	173	173
0x2163	sysstat-5.0.6	file_stats	288	record_type	U8	0	0
0x2163	sysstat-5.0.6	file_stats	288	hour	U8	1	1
0x2163	sysstat-5.0.6	file_stats	288	minute	U8	2	2
0x2163	sysstat-5.0.6	file_stats	288	second	U8	3	3
0x2163	sysstat-5.0.6	file_stats	288	nr_processes	U32	4	4
0x2163	sysstat-5.0.6	file_stats	288	ust_time	CULong	8	8
0x2163	sysstat-5.0.6	file_stats	288	uptime	CULong	16	16
0x2163	sysstat-5.0.6	file_stats	288	uptime0	CULong	24	24
0x2163	sysstat-5.0.6	file_stats	288	processes	CULong	32	32
0x2163	sysstat-5.0.6	file_stats	288	context_swtch	U32	40	40
0x2163	sysstat-5.0.6	file_stats	288	cpu_user	U32	44	44
0x2163	sysstat-5.0.6	file_stats	288	cpu_nice	U32	48	48
0x2163	sysstat-5.0.6	file_stats	288	cpu_system	U32	52	52
0x2163	sysstat-5.0.6	file_stats	288	cpu_idle	CULong	56	56
0x2163	sysstat-5.0.6	file_stats	288	cpu_iowait	CULong	64	64
0x2163	sysstat-5.0.6	file_stats	288	irq_sum	CULong	72	72
0x2163	sysstat-5.0.6	file_stats	288	pgpgin	CULong	80	80
0x2163	sysstat-5.0.6	file_stats	288	pgpgout	CULong	88	88
0x2163	sysstat-5.0.6	file_stats	288	pswpin	CULong	96	96
0x2163	sysstat-5.0.6	file_stats	288	pswpout	CULong	104	104
0x2163	sysstat-5.0.6	file_stats	288	dk_drive	U32	112	112
0x2163	sysstat-5.0.6	file_stats	288	dk_drive_rio	U32	116	116
0x2163	sysstat-5.0.6	file_stats	288	dk_drive_wio	U32	120	120
0x2163	sysstat-5.0.6	file_stats	288	dk_drive_rblk	U32	124	124
0x2163	sysstat-5.0.6	file_stats	288	dk_drive_wblk	U32	128	128
0x2163	sysstat-5.0.6	file_stats	288	frmkb	CULong	136	136
0x2163	sysstat-5.0.6	file_stats	288	bufkb	CULong	144	144
0x2163	sysstat-5.0.6	file_stats	288	camkb	CULong	152	152
0x2163	sysstat-5.0.6	file_stats	288	tlmkb	CULong	160	160
0x2163	sysstat-5.0.6	file_stats	288	frskb	CULong	168	168
0x2163	sysstat-5.0.6	file_stats	288	tlskb	CULong	176	176
0x2163	sysstat-5.0.6	file_stats	288	caskb	CULong	184	184
0x2163	sysstat-5.0.6	file_stats	288	file_used	U32	192	192
0x2163	sysstat-5.0.6	file_stats	288	inode_used	U32	196	196
0x2163	sysstat-5.0.6	file_stats	288	super_used	U32	200	200
0x2163	sysstat-5.0.6	file_stats	288	super_max	U32	204	204
0x2163	sysstat-5.0.6	file_stats	288	dquot_used	U32	208	208
0x2163	sysstat-5.0.6	file_stats	288	dquot_max	U32	212	212
0x2163	sysstat-5.0.6	file_stats	288	rtsig_queued	U32	216	216
0x2163	sysstat-5.0.6	file_stats	288	rtsig_max	U32	220	220
0x2163	sysstat-5.0.6	file_stats	288	sock_inuse	U32	224	224
0x2163	sysstat-5.0.6	file_stats	288	tcp_inuse	U32	228	228
0x2163	sysstat-5.0.6	file_stats	288	udp_inuse	U32	232	232
0x2163	sysstat-5.0.6	file_stats	288	raw_inuse	U32	236	236
0x2163	sysstat-5.0.6	file_stats	288	frag_inuse	U32	240	240
0x2163	sysstat-5.0.6	file_stats	288	pgfault	CULong	248	248
0x2163	sysstat-5.0.6	file_stats	288	pgmajfault	CULong	256	256
0x2163	sysstat-5.0.6	file_stats	288	dentry_stat	U32	264	264
0x2163	sysstat-5.0.6	file_stats	288	load_avg_1	U32	268	268
0x2163	sysstat-5.0.6	file_stats	288	load_avg_5	U32	272	272
0x2163	sysstat-5.0.6	file_stats	288	load_avg_15	U32	276	276
0x2163	sysstat-5.0.6	file_stats	288	nr_running	U32	280	280
0x2163	sysstat-5.0.6	file_stats	288	nr_threads	U32	284	284
0x2163	sysstat-5.0.6	stats_one_cpu	32	per_cpu_idle	CULong	0	0
0x2163	sysstat-5.0.6	stats_one_cpu	32	per_cpu_iowait	CULong	8	8
0x2163	sysstat-5.0.6	stats_one_cpu	32	per_cpu_user	U32	16	16
0x2163	sysstat-5.0.6	stats_one_cpu	32	per_cpu_nice	U32	20	20
0x2163	sysstat-5.0.6	stats_one_cpu	32	per_cpu_system	U32	24	24
0x2163	sysstat-5.0.6	stats_serial	16	rx	U32	0	0
0x2163	sysstat-5.0.6	stats_serial	16	tx	U32	4	4
0x2163	sysstat-5.0.6	stats_serial	16	line	U32	8	8
0x2163	sysstat-5.0.6	stats_net_dev	144	rx_packets	CULong	0	0
0x2163	sysstat-5.0.6	stats_net_dev	144	tx_packets	CULong	8	8
0x2163	sysstat-5.0.6	stats_net_dev	144	rx_bytes	CULong	16	16
0x2163	sysstat-5.0.6	stats_net_dev	144	tx_bytes	CULong	24	24
0x2163	sysstat-5.0.6	stats_net_dev	144	rx_compressed	CULong	32	32
0x2163	sysstat-5.0.6	stats_net_dev	144	tx_compressed	CULong	40	40
0x2163	sysstat-5.0.6	stats_net_dev	144	multicast	CULong	48	48
0x2163	sysstat-5.0.6	stats_net_dev	144	collisions	CULong	56	56
0x2163	sysstat-5.0.6	stats_net_dev	144	rx_errors	CULong	64	64
0x2163	sysstat-5.0.6	stats_net_dev	144	tx_errors	CULong	72	72
0x2163	sysstat-5.0.6	stats_net_dev	144	rx_dropped	CULong	80	80
0x2163	sysstat-5.0.6	stats_net_dev	144	tx_dropped	CULong	88	88
0x2163	sysstat-5.0.6	stats_net_dev	144	rx_fifo_errors	CULong	96	96
0x2163	sysstat-5.0.6	stats_net_dev	144	tx_fifo_errors	CULong	104	104
0x2163	sysstat-5.0.6	stats_net_dev	144	rx_frame_errors	CULong	112	112
0x2163	sysstat-5.0.6	stats_net_dev	144	tx_carrier_errors	CULong	120	120
0x2163	sysstat-5.0.6	stats_net_dev	144	interface	Bytes(16)	128	128
0x2163	sysstat-5.0.6	stats_irq_cpu	8	interrupt	U32	0	0
0x2163	sysstat-5.0.6	stats_irq_cpu	8	irq	U32	4	4
0x2163	sysstat-5.0.6	disk_stats	24	major	U32	0	0
0x2163	sysstat-5.0.6	disk_stats	24	index	U32	4	4
0x2163	sysstat-5.0.6	disk_stats	24	nr_ios	U32	8	8
0x2163	sysstat-5.0.6	disk_stats	24	rd_sect	U32	12	12
0x2163	sysstat-5.0.6	disk_stats	24	wr_sect	U32	16	16
0x2164	sysstat-5.1.2	file_hdr	240	sa_ust_time	CULong	0	0
0x2164	sysstat-5.1.2	file_hdr	240	sa_actflag	U32	8	8
0x2164	sysstat-5.1.2	file_hdr	240	sa_nr_pid	U32	12	12
0x2164	sysstat-5.1.2	file_hdr	240	sa_irqcpu	U32	16	16
0x2164	sysstat-5.1.2	file_hdr	240	sa_nr_disk	U32	20	20
0x2164	sysstat-5.1.2	file_hdr	240	sa_proc	U32	24	24
0x2164	sysstat-5.1.2	file_hdr	240	sa_serial	U32	28	28
0x2164	sysstat-5.1.2	file_hdr	240	sa_iface	U32	32	32
0x2164	sysstat-5.1.2	file_hdr	240	sa_magic	U16	36	36
0x2164	sysstat-5.1.2	file_hdr	240	sa_st_size	U16	38	38
0x2164	sysstat-5.1.2	file_hdr	240	sa_day	U8	40	40
0x2164	sysstat-5.1.2	file_hdr	240	sa_month	U8	41	41
0x2164	sysstat-5.1.2	file_hdr	240	sa_year	U8	42	42
0x2164	sysstat-5.1.2	file_hdr	240	sa_sysname	Bytes(65)	43	43
0x2164	sysstat-5.1.2	file_hdr	240	sa_nodename	Bytes(65)	108	108
0x2164	sysstat-5.1.2	file_hdr	240	sa_release	Bytes(65)	173	173
0x2164	sysstat-5.1.2	file_stats	384	uptime	U64	0	0
0x2164	sysstat-5.1.2	file_stats	384	uptime0	U64	16	16
0x2164	sysstat-5.1.2	file_stats	384	context_swtch	U64	32	32
0x2164	sysstat-5.1.2	file_stats	384	cpu_user	U64	48	48
0x2164	sysstat-5.1.2	file_stats	384	cpu_nice	U64	64	64
0x2164	sysstat-5.1.2	file_stats	384	cpu_system	U64	80	80
0x2164	sysstat-5.1.2	file_stats	384	cpu_idle	U64	96	96
0x2164	sysstat-5.1.2	file_stats	384	cpu_iowait	U64	112	112
0x2164	sysstat-5.1.2	file_stats	384	irq_sum	U64	128	128
0x2164	sysstat-5.1.2	file_stats	384	ust_time	CULong	144	144
0x2164	sysstat-5.1.2	file_stats	384	processes	CULong	152	152
0x2164	sysstat-5.1.2	file_stats	384	pgpgin	CULong	160	160
0x2164	sysstat-5.1.2	file_stats	384	pgpgout	CULong	168	168
0x2164	sysstat-5.1.2	file_stats	384	pswpin	CULong	176	176
0x2164	sysstat-5.1.2	file_stats	384	pswpout	CULong	184	184
0x2164	sysstat-5.1.2	file_stats	384	frmkb	CULong	192	192
0x2164	sysstat-5.1.2	file_stats	384	bufkb	CULong	200	200
0x2164	sysstat-5.1.2	file_stats	384	camkb	CULong	208	208
0x2164	sysstat-5.1.2	file_stats	384	tlmkb	CULong	216	216
0x2164	sysstat-5.1.2	file_stats	384	frskb	CULong	224	224
0x2164	sysstat-5.1.2	file_stats	384	tlskb	CULong	232	232
0x2164	sysstat-5.1.2	file_stats	384	caskb	CULong	240	240
0x2164	sysstat-5.1.2	file_stats	384	nr_running	CULong	248	248
0x2164	sysstat-5.1.2	file_stats	384	pgfault	CULong	256	256
0x2164	sysstat-5.1.2	file_stats	384	pgmajfault	CULong	264	264
0x2164	sysstat-5.1.2	file_stats	384	nr_processes	U32	272	272
0x2164	sysstat-5.1.2	file_stats	384	dk_drive	U32	276	276
0x2164	sysstat-5.1.2	file_stats	384	dk_drive_rio	U32	280	280
0x2164	sysstat-5.1.2	file_stats	384	dk_drive_wio	U32	284	284
0x2164	sysstat-5.1.2	file_stats	384	dk_drive_rblk	U32	288	288
0x2164	sysstat-5.1.2	file_stats	384	dk_drive_wblk	U32	292	292
0x2164	sysstat-5.1.2	file_stats	384	file_used	U32	296	296
0x2164	sysstat-5.1.2	file_stats	384	inode_used	U32	300	300
0x2164	sysstat-5.1.2	file_stats	384	super_used	U32	304	304
0x2164	sysstat-5.1.2	file_stats	384	super_max	U32	308	308
0x2164	sysstat-5.1.2	file_stats	384	dquot_used	U32	312	312
0x2164	sysstat-5.1.2	file_stats	384	dquot_max	U32	316	316
0x2164	sysstat-5.1.2	file_stats	384	rtsig_queued	U32	320	320
0x2164	sysstat-5.1.2	file_stats	384	rtsig_max	U32	324	324
0x2164	sysstat-5.1.2	file_stats	384	sock_inuse	U32	328	328
0x2164	sysstat-5.1.2	file_stats	384	tcp_inuse	U32	332	332
0x2164	sysstat-5.1.2	file_stats	384	udp_inuse	U32	336	336
0x2164	sysstat-5.1.2	file_stats	384	raw_inuse	U32	340	340
0x2164	sysstat-5.1.2	file_stats	384	frag_inuse	U32	344	344
0x2164	sysstat-5.1.2	file_stats	384	dentry_stat	U32	348	348
0x2164	sysstat-5.1.2	file_stats	384	load_avg_1	U32	352	352
0x2164	sysstat-5.1.2	file_stats	384	load_avg_5	U32	356	356
0x2164	sysstat-5.1.2	file_stats	384	load_avg_15	U32	360	360
0x2164	sysstat-5.1.2	file_stats	384	nr_threads	U32	364	364
0x2164	sysstat-5.1.2	file_stats	384	record_type	U8	368	368
0x2164	sysstat-5.1.2	file_stats	384	hour	U8	369	369
0x2164	sysstat-5.1.2	file_stats	384	minute	U8	370	370
0x2164	sysstat-5.1.2	file_stats	384	second	U8	371	371
0x2164	sysstat-5.1.2	stats_one_cpu	96	per_cpu_idle	U64	0	0
0x2164	sysstat-5.1.2	stats_one_cpu	96	per_cpu_iowait	U64	16	16
0x2164	sysstat-5.1.2	stats_one_cpu	96	per_cpu_user	U64	32	32
0x2164	sysstat-5.1.2	stats_one_cpu	96	per_cpu_nice	U64	48	48
0x2164	sysstat-5.1.2	stats_one_cpu	96	per_cpu_system	U64	64	64
0x2164	sysstat-5.1.2	stats_serial	16	rx	U32	0	0
0x2164	sysstat-5.1.2	stats_serial	16	tx	U32	4	4
0x2164	sysstat-5.1.2	stats_serial	16	line	U32	8	8
0x2164	sysstat-5.1.2	stats_net_dev	144	rx_packets	CULong	0	0
0x2164	sysstat-5.1.2	stats_net_dev	144	tx_packets	CULong	8	8
0x2164	sysstat-5.1.2	stats_net_dev	144	rx_bytes	CULong	16	16
0x2164	sysstat-5.1.2	stats_net_dev	144	tx_bytes	CULong	24	24
0x2164	sysstat-5.1.2	stats_net_dev	144	rx_compressed	CULong	32	32
0x2164	sysstat-5.1.2	stats_net_dev	144	tx_compressed	CULong	40	40
0x2164	sysstat-5.1.2	stats_net_dev	144	multicast	CULong	48	48
0x2164	sysstat-5.1.2	stats_net_dev	144	collisions	CULong	56	56
0x2164	sysstat-5.1.2	stats_net_dev	144	rx_errors	CULong	64	64
0x2164	sysstat-5.1.2	stats_net_dev	144	tx_errors	CULong	72	72
0x2164	sysstat-5.1.2	stats_net_dev	144	rx_dropped	CULong	80	80
0x2164	sysstat-5.1.2	stats_net_dev	144	tx_dropped	CULong	88	88
0x2164	sysstat-5.1.2	stats_net_dev	144	rx_fifo_errors	CULong	96	96
0x2164	sysstat-5.1.2	stats_net_dev	144	tx_fifo_errors	CULong	104	104
0x2164	sysstat-5.1.2	stats_net_dev	144	rx_frame_errors	CULong	112	112
0x2164	sysstat-5.1.2	stats_net_dev	144	tx_carrier_errors	CULong	120	120
0x2164	sysstat-5.1.2	stats_net_dev	144	interface	Bytes(16)	128	128
0x2164	sysstat-5.1.2	stats_irq_cpu	8	interrupt	U32	0	0
0x2164	sysstat-5.1.2	stats_irq_cpu	8	irq	U32	4	4
0x2164	sysstat-5.1.2	disk_stats	48	rd_sect	U64	0	0
0x2164	sysstat-5.1.2	disk_stats	48	wr_sect	U64	16	16
0x2164	sysstat-5.1.2	disk_stats	48	major	U32	32	32
0x2164	sysstat-5.1.2	disk_stats	48	index	U32	36	36
0x2164	sysstat-5.1.2	disk_stats	48	nr_ios	U32	40	40
0x2165	sysstat-5.1.3	file_hdr	240	sa_ust_time	CULong	0	0
0x2165	sysstat-5.1.3	file_hdr	240	sa_actflag	U32	8	8
0x2165	sysstat-5.1.3	file_hdr	240	sa_nr_pid	U32	12	12
0x2165	sysstat-5.1.3	file_hdr	240	sa_irqcpu	U32	16	16
0x2165	sysstat-5.1.3	file_hdr	240	sa_nr_disk	U32	20	20
0x2165	sysstat-5.1.3	file_hdr	240	sa_proc	U32	24	24
0x2165	sysstat-5.1.3	file_hdr	240	sa_serial	U32	28	28
0x2165	sysstat-5.1.3	file_hdr	240	sa_iface	U32	32	32
0x2165	sysstat-5.1.3	file_hdr	240	sa_magic	U16	36	36
0x2165	sysstat-5.1.3	file_hdr	240	sa_st_size	U16	38	38
0x2165	sysstat-5.1.3	file_hdr	240	sa_day	U8	40	40
0x2165	sysstat-5.1.3	file_hdr	240	sa_month	U8	41	41
0x2165	sysstat-5.1.3	file_hdr	240	sa_year	U8	42	42
0x2165	sysstat-5.1.3	file_hdr	240	sa_sysname	Bytes(65)	43	43
0x2165	sysstat-5.1.3	file_hdr	240	sa_nodename	Bytes(65)	108	108
0x2165	sysstat-5.1.3	file_hdr	240	sa_release	Bytes(65)	173	173
0x2165	sysstat-5.1.3	file_stats	384	uptime	U64	0	0
0x2165	sysstat-5.1.3	file_stats	384	uptime0	U64	16	16
0x2165	sysstat-5.1.3	file_stats	384	context_swtch	U64	32	32
0x2165	sysstat-5.1.3	file_stats	384	cpu_user	U64	48	48
0x2165	sysstat-5.1.3	file_stats	384	cpu_nice	U64	64	64
0x2165	sysstat-5.1.3	file_stats	384	cpu_system	U64	80	80
0x2165	sysstat-5.1.3	file_stats	384	cpu_idle	U64	96	96
0x2165	sysstat-5.1.3	file_stats	384	cpu_iowait	U64	112	112
0x2165	sysstat-5.1.3	file_stats	384	irq_sum	U64	128	128
0x2165	sysstat-5.1.3	file_stats	384	ust_time	CULong	144	144
0x2165	sysstat-5.1.3	file_stats	384	processes	CULong	152	152
0x2165	sysstat-5.1.3	file_stats	384	pgpgin	CULong	160	160
0x2165	sysstat-5.1.3	file_stats	384	pgpgout	CULong	168	168
0x2165	sysstat-5.1.3	file_stats	384	pswpin	CULong	176	176
0x2165	sysstat-5.1.3	file_stats	384	pswpout	CULong	184	184
0x2165	sysstat-5.1.3	file_stats	384	frmkb	CULong	192	192
0x2165	sysstat-5.1.3	file_stats	384	bufkb	CULong	200	200
0x2165	sysstat-5.1.3	file_stats	384	camkb	CULong	208	208
0x2165	sysstat-5.1.3	file_stats	384	tlmkb	CULong	216	216
0x2165	sysstat-5.1.3	file_stats	384	frskb	CULong	224	224
0x2165	sysstat-5.1.3	file_stats	384	tlskb	CULong	232	232
0x2165	sysstat-5.1.3	file_stats	384	caskb	CULong	240	240
0x2165	sysstat-5.1.3	file_stats	384	nr_running	CULong	248	248
0x2165	sysstat-5.1.3	file_stats	384	pgfault	CULong	256	256
0x2165	sysstat-5.1.3	file_stats	384	pgmajfault	CULong	264	264
0x2165	sysstat-5.1.3	file_stats	384	nr_processes	U32	272	272
0x2165	sysstat-5.1.3	file_stats	384	dk_drive	U32	276	276
0x2165	sysstat-5.1.3	file_stats	384	dk_drive_rio	U32	280	280
0x2165	sysstat-5.1.3	file_stats	384	dk_drive_wio	U32	284	284
0x2165	sysstat-5.1.3	file_stats	384	dk_drive_rblk	U32	288	288
0x2165	sysstat-5.1.3	file_stats	384	dk_drive_wblk	U32	292	292
0x2165	sysstat-5.1.3	file_stats	384	file_used	U32	296	296
0x2165	sysstat-5.1.3	file_stats	384	inode_used	U32	300	300
0x2165	sysstat-5.1.3	file_stats	384	super_used	U32	304	304
0x2165	sysstat-5.1.3	file_stats	384	super_max	U32	308	308
0x2165	sysstat-5.1.3	file_stats	384	dquot_used	U32	312	312
0x2165	sysstat-5.1.3	file_stats	384	dquot_max	U32	316	316
0x2165	sysstat-5.1.3	file_stats	384	rtsig_queued	U32	320	320
0x2165	sysstat-5.1.3	file_stats	384	rtsig_max	U32	324	324
0x2165	sysstat-5.1.3	file_stats	384	sock_inuse	U32	328	328
0x2165	sysstat-5.1.3	file_stats	384	tcp_inuse	U32	332	332
0x2165	sysstat-5.1.3	file_stats	384	udp_inuse	U32	336	336
0x2165	sysstat-5.1.3	file_stats	384	raw_inuse	U32	340	340
0x2165	sysstat-5.1.3	file_stats	384	frag_inuse	U32	344	344
0x2165	sysstat-5.1.3	file_stats	384	dentry_stat	U32	348	348
0x2165	sysstat-5.1.3	file_stats	384	load_avg_1	U32	352	352
0x2165	sysstat-5.1.3	file_stats	384	load_avg_5	U32	356	356
0x2165	sysstat-5.1.3	file_stats	384	load_avg_15	U32	360	360
0x2165	sysstat-5.1.3	file_stats	384	nr_threads	U32	364	364
0x2165	sysstat-5.1.3	file_stats	384	record_type	U8	368	368
0x2165	sysstat-5.1.3	file_stats	384	hour	U8	369	369
0x2165	sysstat-5.1.3	file_stats	384	minute	U8	370	370
0x2165	sysstat-5.1.3	file_stats	384	second	U8	371	371
0x2165	sysstat-5.1.3	stats_one_cpu	96	per_cpu_idle	U64	0	0
0x2165	sysstat-5.1.3	stats_one_cpu	96	per_cpu_iowait	U64	16	16
0x2165	sysstat-5.1.3	stats_one_cpu	96	per_cpu_user	U64	32	32
0x2165	sysstat-5.1.3	stats_one_cpu	96	per_cpu_nice	U64	48	48
0x2165	sysstat-5.1.3	stats_one_cpu	96	per_cpu_system	U64	64	64
0x2165	sysstat-5.1.3	stats_serial	16	rx	U32	0	0
0x2165	sysstat-5.1.3	stats_serial	16	tx	U32	4	4
0x2165	sysstat-5.1.3	stats_serial	16	line	U32	8	8
0x2165	sysstat-5.1.3	stats_net_dev	144	rx_packets	CULong	0	0
0x2165	sysstat-5.1.3	stats_net_dev	144	tx_packets	CULong	8	8
0x2165	sysstat-5.1.3	stats_net_dev	144	rx_bytes	CULong	16	16
0x2165	sysstat-5.1.3	stats_net_dev	144	tx_bytes	CULong	24	24
0x2165	sysstat-5.1.3	stats_net_dev	144	rx_compressed	CULong	32	32
0x2165	sysstat-5.1.3	stats_net_dev	144	tx_compressed	CULong	40	40
0x2165	sysstat-5.1.3	stats_net_dev	144	multicast	CULong	48	48
0x2165	sysstat-5.1.3	stats_net_dev	144	collisions	CULong	56	56
0x2165	sysstat-5.1.3	stats_net_dev	144	rx_errors	CULong	64	64
0x2165	sysstat-5.1.3	stats_net_dev	144	tx_errors	CULong	72	72
0x2165	sysstat-5.1.3	stats_net_dev	144	rx_dropped	CULong	80	80
0x2165	sysstat-5.1.3	stats_net_dev	144	tx_dropped	CULong	88	88
0x2165	sysstat-5.1.3	stats_net_dev	144	rx_fifo_errors	CULong	96	96
0x2165	sysstat-5.1.3	stats_net_dev	144	tx_fifo_errors	CULong	104	104
0x2165	sysstat-5.1.3	stats_net_dev	144	rx_frame_errors	CULong	112	112
0x2165	sysstat-5.1.3	stats_net_dev	144	tx_carrier_errors	CULong	120	120
0x2165	sysstat-5.1.3	stats_net_dev	144	interface	Bytes(16)	128	128
0x2165	sysstat-5.1.3	stats_irq_cpu	8	interrupt	U32	0	0
0x2165	sysstat-5.1.3	stats_irq_cpu	8	irq	U32	4	4
0x2165	sysstat-5.1.3	disk_stats	80	rd_sect	U64	0	0
0x2165	sysstat-5.1.3	disk_stats	80	wr_sect	U64	16	16
0x2165	sysstat-5.1.3	disk_stats	80	rd_ticks	CULong	32	32
0x2165	sysstat-5.1.3	disk_stats	80	wr_ticks	CULong	40	40
0x2165	sysstat-5.1.3	disk_stats	80	tot_ticks	CULong	48	48
0x2165	sysstat-5.1.3	disk_stats	80	rq_ticks	CULong	56	56
0x2165	sysstat-5.1.3	disk_stats	80	nr_ios	CULong	64	64
0x2165	sysstat-5.1.3	disk_stats	80	major	U32	72	72
0x2165	sysstat-5.1.3	disk_stats	80	minor	U32	76	76
0x2166	sysstat-5.1.4	file_hdr	240	sa_ust_time	CULong	0	0
0x2166	sysstat-5.1.4	file_hdr	240	sa_actflag	U32	8	8
0x2166	sysstat-5.1.4	file_hdr	240	sa_nr_pid	U32	12	12
0x2166	sysstat-5.1.4	file_hdr	240	sa_irqcpu	U32	16	16
0x2166	sysstat-5.1.4	file_hdr	240	sa_nr_disk	U32	20	20
0x2166	sysstat-5.1.4	file_hdr	240	sa_proc	U32	24	24
0x2166	sysstat-5.1.4	file_hdr	240	sa_serial	U32	28	28
0x2166	sysstat-5.1.4	file_hdr	240	sa_iface	U32	32	32
0x2166	sysstat-5.1.4	file_hdr	240	sa_magic	U16	36	36
0x2166	sysstat-5.1.4	file_hdr	240	sa_st_size	U16	38	38
0x2166	sysstat-5.1.4	file_hdr	240	sa_day	U8	40	40
0x2166	sysstat-5.1.4	file_hdr	240	sa_month	U8	41	41
0x2166	sysstat-5.1.4	file_hdr	240	sa_year	U8	42	42
0x2166	sysstat-5.1.4	file_hdr	240	sa_sysname	Bytes(65)	43	43
0x2166	sysstat-5.1.4	file_hdr	240	sa_nodename	Bytes(65)	108	108
0x2166	sysstat-5.1.4	file_hdr	240	sa_release	Bytes(65)	173	173
0x2166	sysstat-5.1.4	file_stats	448	uptime	U64	0	0
0x2166	sysstat-5.1.4	file_stats	448	uptime0	U64	16	16
0x2166	sysstat-5.1.4	file_stats	448	context_swtch	U64	32	32
0x2166	sysstat-5.1.4	file_stats	448	cpu_user	U64	48	48
0x2166	sysstat-5.1.4	file_stats	448	cpu_nice	U64	64	64
0x2166	sysstat-5.1.4	file_stats	448	cpu_system	U64	80	80
0x2166	sysstat-5.1.4	file_stats	448	cpu_idle	U64	96	96
0x2166	sysstat-5.1.4	file_stats	448	cpu_iowait	U64	112	112
0x2166	sysstat-5.1.4	file_stats	448	irq_sum	U64	128	128
0x2166	sysstat-5.1.4	file_stats	448	ust_time	CULong	144	144
0x2166	sysstat-5.1.4	file_stats	448	processes	CULong	152	152
0x2166	sysstat-5.1.4	file_stats	448	pgpgin	CULong	160	160
0x2166	sysstat-5.1.4	file_stats	448	pgpgout	CULong	168	168
0x2166	sysstat-5.1.4	file_stats	448	pswpin	CULong	176	176
0x2166	sysstat-5.1.4	file_stats	448	pswpout	CULong	184	184
0x2166	sysstat-5.1.4	file_stats	448	frmkb	CULong	192	192
0x2166	sysstat-5.1.4	file_stats	448	bufkb	CULong	200	200
0x2166	sysstat-5.1.4	file_stats	448	camkb	CULong	208	208
0x2166	sysstat-5.1.4	file_stats	448	tlmkb	CULong	216	216
0x2166	sysstat-5.1.4	file_stats	448	frskb	CULong	224	224
0x2166	sysstat-5.1.4	file_stats	448	tlskb	CULong	232	232
0x2166	sysstat-5.1.4	file_stats	448	caskb	CULong	240	240
0x2166	sysstat-5.1.4	file_stats	448	nr_running	CULong	248	248
0x2166	sysstat-5.1.4	file_stats	448	pgfault	CULong	256	256
0x2166	sysstat-5.1.4	file_stats	448	pgmajfault	CULong	264	264
0x2166	sysstat-5.1.4	file_stats	448	dk_drive	U32	272	272
0x2166	sysstat-5.1.4	file_stats	448	dk_drive_rio	U32	276	276
0x2166	sysstat-5.1.4	file_stats	448	dk_drive_wio	U32	280	280
0x2166	sysstat-5.1.4	file_stats	448	dk_drive_rblk	U32	284	284
0x2166	sysstat-5.1.4	file_stats	448	dk_drive_wblk	U32	288	288
0x2166	sysstat-5.1.4	file_stats	448	file_used	U32	292	292
0x2166	sysstat-5.1.4	file_stats	448	inode_used	U32	296	296
0x2166	sysstat-5.1.4	file_stats	448	super_used	U32	300	300
0x2166	sysstat-5.1.4	file_stats	448	super_max	U32	304	304
0x2166	sysstat-5.1.4	file_stats	448	dquot_used	U32	308	308
0x2166	sysstat-5.1.4	file_stats	448	dquot_max	U32	312	312
0x2166	sysstat-5.1.4	file_stats	448	rtsig_queued	U32	316	316
0x2166	sysstat-5.1.4	file_stats	448	rtsig_max	U32	320	320
0x2166	sysstat-5.1.4	file_stats	448	sock_inuse	U32	324	324
0x2166	sysstat-5.1.4	file_stats	448	tcp_inuse	U32	328	328
0x2166	sysstat-5.1.4	file_stats	448	udp_inuse	U32	332	332
0x2166	sysstat-5.1.4	file_stats	448	raw_inuse	U32	336	336
0x2166	sysstat-5.1.4	file_stats	448	frag_inuse	U32	340	340
0x2166	sysstat-5.1.4	file_stats	448	dentry_stat	U32	344	344
0x2166	sysstat-5.1.4	file_stats	448	load_avg_1	U32	348	348
0x2166	sysstat-5.1.4	file_stats	448	load_avg_5	U32	352	352
0x2166	sysstat-5.1.4	file_stats	448	load_avg_15	U32	356	356
0x2166	sysstat-5.1.4	file_stats	448	nr_threads	U32	360	360
0x2166	sysstat-5.1.4	file_stats	448	nfs_rpccnt	U32	364	364
0x2166	sysstat-5.1.4	file_stats	448	nfs_rpcretrans	U32	368	368
0x2166	sysstat-5.1.4	file_stats	448	nfs_readcnt	U32	372	372
0x2166	sysstat-5.1.4	file_stats	448	nfs_writecnt	U32	376	376
0x2166	sysstat-5.1.4	file_stats	448	nfs_accesscnt	U32	380	380
0x2166	sysstat-5.1.4	file_stats	448	nfs_getattcnt	U32	384	384
0x2166	sysstat-5.1.4	file_stats	448	nfsd_rpccnt	U32	388	388
0x2166	sysstat-5.1.4	file_stats	448	nfsd_rpcbad	U32	392	392
0x2166	sysstat-5.1.4	file_stats	448	nfsd_netcnt	U32	396	396
0x2166	sysstat-5.1.4	file_stats	448	nfsd_netudpcnt	U32	400	400
0x2166	sysstat-5.1.4	file_stats	448	nfsd_nettcpcnt	U32	404	404
0x2166	sysstat-5.1.4	file_stats	448	nfsd_rchits	U32	408	408
0x2166	sysstat-5.1.4	file_stats	448	nfsd_rcmisses	U32	412	412
0x2166	sysstat-5.1.4	file_stats	448	nfsd_readcnt	U32	416	416
0x2166	sysstat-5.1.4	file_stats	448	nfsd_writecnt	U32	420	420
0x2166	sysstat-5.1.4	file_stats	448	nfsd_accesscnt	U32	424	424
0x2166	sysstat-5.1.4	file_stats	448	nfsd_getattcnt	U32	428	428
0x2166	sysstat-5.1.4	file_stats	448	record_type	U8	432	432
0x2166	sysstat-5.1.4	file_stats	448	hour	U8	433	433
0x2166	sysstat-5.1.4	file_stats	448	minute	U8	434	434
0x2166	sysstat-5.1.4	file_stats	448	second	U8	435	435
0x2166	sysstat-5.1.4	stats_one_cpu	96	per_cpu_idle	U64	0	0
0x2166	sysstat-5.1.4	stats_one_cpu	96	per_cpu_iowait	U64	16	16
0x2166	sysstat-5.1.4	stats_one_cpu	96	per_cpu_user	U64	32	32
0x2166	sysstat-5.1.4	stats_one_cpu	96	per_cpu_nice	U64	48	48
0x2166	sysstat-5.1.4	stats_one_cpu	96	per_cpu_system	U64	64	64
0x2166	sysstat-5.1.4	stats_serial	16	rx	U32	0	0
0x2166	sysstat-5.1.4	stats_serial	16	tx	U32	4	4
0x2166	sysstat-5.1.4	stats_serial	16	line	U32	8	8
0x2166	sysstat-5.1.4	stats_net_dev	144	rx_packets	CULong	0	0
0x2166	sysstat-5.1.4	stats_net_dev	144	tx_packets	CULong	8	8
0x2166	sysstat-5.1.4	stats_net_dev	144	rx_bytes	CULong	16	16
0x2166	sysstat-5.1.4	stats_net_dev	144	tx_bytes	CULong	24	24
0x2166	sysstat-5.1.4	stats_net_dev	144	rx_compressed	CULong	32	32
0x2166	sysstat-5.1.4	stats_net_dev	144	tx_compressed	CULong	40	40
0x2166	sysstat-5.1.4	stats_net_dev	144	multicast	CULong	48	48
0x2166	sysstat-5.1.4	stats_net_dev	144	collisions	CULong	56	56
0x2166	sysstat-5.1.4	stats_net_dev	144	rx_errors	CULong	64	64
0x2166	sysstat-5.1.4	stats_net_dev	144	tx_errors	CULong	72	72
0x2166	sysstat-5.1.4	stats_net_dev	144	rx_dropped	CULong	80	80
0x2166	sysstat-5.1.4	stats_net_dev	144	tx_dropped	CULong	88	88
0x2166	sysstat-5.1.4	stats_net_dev	144	rx_fifo_errors	CULong	96	96
0x2166	sysstat-5.1.4	stats_net_dev	144	tx_fifo_errors	CULong	104	104
0x2166	sysstat-5.1.4	stats_net_dev	144	rx_frame_errors	CULong	112	112
0x2166	sysstat-5.1.4	stats_net_dev	144	tx_carrier_errors	CULong	120	120
0x2166	sysstat-5.1.4	stats_net_dev	144	interface	Bytes(16)	128	128
0x2166	sysstat-5.1.4	stats_irq_cpu	8	interrupt	U32	0	0
0x2166	sysstat-5.1.4	stats_irq_cpu	8	irq	U32	4	4
0x2166	sysstat-5.1.4	disk_stats	80	rd_sect	U64	0	0
0x2166	sysstat-5.1.4	disk_stats	80	wr_sect	U64	16	16
0x2166	sysstat-5.1.4	disk_stats	80	rd_ticks	CULong	32	32
0x2166	sysstat-5.1.4	disk_stats	80	wr_ticks	CULong	40	40
0x2166	sysstat-5.1.4	disk_stats	80	tot_ticks	CULong	48	48
0x2166	sysstat-5.1.4	disk_stats	80	rq_ticks	CULong	56	56
0x2166	sysstat-5.1.4	disk_stats	80	nr_ios	CULong	64	64
0x2166	sysstat-5.1.4	disk_stats	80	major	U32	72	72
0x2166	sysstat-5.1.4	disk_stats	80	minor	U32	76	76
0x2167	sysstat-6.0.0	file_hdr	240	sa_ust_time	CULong	0	0
0x2167	sysstat-6.0.0	file_hdr	240	sa_actflag	U32	8	8
0x2167	sysstat-6.0.0	file_hdr	240	sa_nr_pid	U32	12	12
0x2167	sysstat-6.0.0	file_hdr	240	sa_irqcpu	U32	16	16
0x2167	sysstat-6.0.0	file_hdr	240	sa_nr_disk	U32	20	20
0x2167	sysstat-6.0.0	file_hdr	240	sa_proc	U32	24	24
0x2167	sysstat-6.0.0	file_hdr	240	sa_serial	U32	28	28
0x2167	sysstat-6.0.0	file_hdr	240	sa_iface	U32	32	32
0x2167	sysstat-6.0.0	file_hdr	240	sa_magic	U16	36	36
0x2167	sysstat-6.0.0	file_hdr	240	sa_st_size	U16	38	38
0x2167	sysstat-6.0.0	file_hdr	240	sa_day	U8	40	40
0x2167	sysstat-6.0.0	file_hdr	240	sa_month	U8	41	41
0x2167	sysstat-6.0.0	file_hdr	240	sa_year	U8	42	42
0x2167	sysstat-6.0.0	file_hdr	240	sa_sysname	Bytes(65)	43	43
0x2167	sysstat-6.0.0	file_hdr	240	sa_nodename	Bytes(65)	108	108
0x2167	sysstat-6.0.0	file_hdr	240	sa_release	Bytes(65)	173	173
0x2167	sysstat-6.0.0	file_stats	448	uptime	U64	0	0
0x2167	sysstat-6.0.0	file_stats	448	uptime0	U64	16	16
0x2167	sysstat-6.0.0	file_stats	448	context_swtch	U64	32	32
0x2167	sysstat-6.0.0	file_stats	448	cpu_user	U64	48	48
0x2167	sysstat-6.0.0	file_stats	448	cpu_nice	U64	64	64
0x2167	sysstat-6.0.0	file_stats	448	cpu_system	U64	80	80
0x2167	sysstat-6.0.0	file_stats	448	cpu_idle	U64	96	96
0x2167	sysstat-6.0.0	file_stats	448	cpu_iowait	U64	112	112
0x2167	sysstat-6.0.0	file_stats	448	irq_sum	U64	128	128
0x2167	sysstat-6.0.0	file_stats	448	ust_time	CULong	144	144
0x2167	sysstat-6.0.0	file_stats	448	processes	CULong	152	152
0x2167	sysstat-6.0.0	file_stats	448	pgpgin	CULong	160	160
0x2167	sysstat-6.0.0	file_stats	448	pgpgout	CULong	168	168
0x2167	sysstat-6.0.0	file_stats	448	pswpin	CULong	176	176
0x2167	sysstat-6.0.0	file_stats	448	pswpout	CULong	184	184
0x2167	sysstat-6.0.0	file_stats	448	frmkb	CULong	192	192
0x2167	sysstat-6.0.0	file_stats	448	bufkb	CULong	200	200
0x2167	sysstat-6.0.0	file_stats	448	camkb	CULong	208	208
0x2167	sysstat-6.0.0	file_stats	448	tlmkb	CULong	216	216
0x2167	sysstat-6.0.0	file_stats	448	frskb	CULong	224	224
0x2167	sysstat-6.0.0	file_stats	448	tlskb	CULong	232	232
0x2167	sysstat-6.0.0	file_stats	448	caskb	CULong	240	240
0x2167	sysstat-6.0.0	file_stats	448	nr_running	CULong	248	248
0x2167	sysstat-6.0.0	file_stats	448	pgfault	CULong	256	256
0x2167	sysstat-6.0.0	file_stats	448	pgmajfault	CULong	264	264
0x2167	sysstat-6.0.0	file_stats	448	dk_drive	U32	272	272
0x2167	sysstat-6.0.0	file_stats	448	dk_drive_rio	U32	276	276
0x2167	sysstat-6.0.0	file_stats	448	dk_drive_wio	U32	280	280
0x2167	sysstat-6.0.0	file_stats	448	dk_drive_rblk	U32	284	284
0x2167	sysstat-6.0.0	file_stats	448	dk_drive_wblk	U32	288	288
0x2167	sysstat-6.0.0	file_stats	448	file_used	U32	292	292
0x2167	sysstat-6.0.0	file_stats	448	inode_used	U32	296	296
0x2167	sysstat-6.0.0	file_stats	448	super_used	U32	300	300
0x2167	sysstat-6.0.0	file_stats	448	super_max	U32	304	304
0x2167	sysstat-6.0.0	file_stats	448	dquot_used	U32	308	308
0x2167	sysstat-6.0.0	file_stats	448	dquot_max	U32	312	312
0x2167	sysstat-6.0.0	file_stats	448	rtsig_queued	U32	316	316
0x2167	sysstat-6.0.0	file_stats	448	rtsig_max	U32	320	320
0x2167	sysstat-6.0.0	file_stats	448	sock_inuse	U32	324	324
0x2167	sysstat-6.0.0	file_stats	448	tcp_inuse	U32	328	328
0x2167	sysstat-6.0.0	file_stats	448	udp_inuse	U32	332	332
0x2167	sysstat-6.0.0	file_stats	448	raw_inuse	U32	336	336
0x2167	sysstat-6.0.0	file_stats	448	frag_inuse	U32	340	340
0x2167	sysstat-6.0.0	file_stats	448	dentry_stat	U32	344	344
0x2167	sysstat-6.0.0	file_stats	448	load_avg_1	U32	348	348
0x2167	sysstat-6.0.0	file_stats	448	load_avg_5	U32	352	352
0x2167	sysstat-6.0.0	file_stats	448	load_avg_15	U32	356	356
0x2167	sysstat-6.0.0	file_stats	448	nr_threads	U32	360	360
0x2167	sysstat-6.0.0	file_stats	448	nfs_rpccnt	U32	364	364
0x2167	sysstat-6.0.0	file_stats	448	nfs_rpcretrans	U32	368	368
0x2167	sysstat-6.0.0	file_stats	448	nfs_readcnt	U32	372	372
0x2167	sysstat-6.0.0	file_stats	448	nfs_writecnt	U32	376	376
0x2167	sysstat-6.0.0	file_stats	448	nfs_accesscnt	U32	380	380
0x2167	sysstat-6.0.0	file_stats	448	nfs_getattcnt	U32	384	384
0x2167	sysstat-6.0.0	file_stats	448	nfsd_rpccnt	U32	388	388
0x2167	sysstat-6.0.0	file_stats	448	nfsd_rpcbad	U32	392	392
0x2167	sysstat-6.0.0	file_stats	448	nfsd_netcnt	U32	396	396
0x2167	sysstat-6.0.0	file_stats	448	nfsd_netudpcnt	U32	400	400
0x2167	sysstat-6.0.0	file_stats	448	nfsd_nettcpcnt	U32	404	404
0x2167	sysstat-6.0.0	file_stats	448	nfsd_rchits	U32	408	408
0x2167	sysstat-6.0.0	file_stats	448	nfsd_rcmisses	U32	412	412
0x2167	sysstat-6.0.0	file_stats	448	nfsd_readcnt	U32	416	416
0x2167	sysstat-6.0.0	file_stats	448	nfsd_writecnt	U32	420	420
0x2167	sysstat-6.0.0	file_stats	448	nfsd_accesscnt	U32	424	424
0x2167	sysstat-6.0.0	file_stats	448	nfsd_getattcnt	U32	428	428
0x2167	sysstat-6.0.0	file_stats	448	record_type	U8	432	432
0x2167	sysstat-6.0.0	file_stats	448	hour	U8	433	433
0x2167	sysstat-6.0.0	file_stats	448	minute	U8	434	434
0x2167	sysstat-6.0.0	file_stats	448	second	U8	435	435
0x2167	sysstat-6.0.0	stats_one_cpu	96	per_cpu_idle	U64	0	0
0x2167	sysstat-6.0.0	stats_one_cpu	96	per_cpu_iowait	U64	16	16
0x2167	sysstat-6.0.0	stats_one_cpu	96	per_cpu_user	U64	32	32
0x2167	sysstat-6.0.0	stats_one_cpu	96	per_cpu_nice	U64	48	48
0x2167	sysstat-6.0.0	stats_one_cpu	96	per_cpu_system	U64	64	64
0x2167	sysstat-6.0.0	stats_serial	32	rx	U32	0	0
0x2167	sysstat-6.0.0	stats_serial	32	tx	U32	4	4
0x2167	sysstat-6.0.0	stats_serial	32	frame	U32	8	8
0x2167	sysstat-6.0.0	stats_serial	32	parity	U32	12	12
0x2167	sysstat-6.0.0	stats_serial	32	brk	U32	16	16
0x2167	sysstat-6.0.0	stats_serial	32	overrun	U32	20	20
0x2167	sysstat-6.0.0	stats_serial	32	line	U32	24	24
0x2167	sysstat-6.0.0	stats_net_dev	144	rx_packets	CULong	0	0
0x2167	sysstat-6.0.0	stats_net_dev	144	tx_packets	CULong	8	8
0x2167	sysstat-6.0.0	stats_net_dev	144	rx_bytes	CULong	16	16
0x2167	sysstat-6.0.0	stats_net_dev	144	tx_bytes	CULong	24	24
0x2167	sysstat-6.0.0	stats_net_dev	144	rx_compressed	CULong	32	32
0x2167	sysstat-6.0.0	stats_net_dev	144	tx_compressed	CULong	40	40
0x2167	sysstat-6.0.0	stats_net_dev	144	multicast	CULong	48	48
0x2167	sysstat-6.0.0	stats_net_dev	144	collisions	CULong	56	56
0x2167	sysstat-6.0.0	stats_net_dev	144	rx_errors	CULong	64	64
0x2167	sysstat-6.0.0	stats_net_dev	144	tx_errors	CULong	72	72
0x2167	sysstat-6.0.0	stats_net_dev	144	rx_dropped	CULong	80	80
0x2167	sysstat-6.0.0	stats_net_dev	144	tx_dropped	CULong	88	88
0x2167	sysstat-6.0.0	stats_net_dev	144	rx_fifo_errors	CULong	96	96
0x2167	sysstat-6.0.0	stats_net_dev	144	tx_fifo_errors	CULong	104	104
0x2167	sysstat-6.0.0	stats_net_dev	144	rx_frame_errors	CULong	112	112
0x2167	sysstat-6.0.0	stats_net_dev	144	tx_carrier_errors	CULong	120	120
0x2167	sysstat-6.0.0	stats_net_dev	144	interface	Bytes(16)	128	128
0x2167	sysstat-6.0.0	stats_irq_cpu	8	interrupt	U32	0	0
0x2167	sysstat-6.0.0	stats_irq_cpu	8	irq	U32	4	4
0x2167	sysstat-6.0.0	disk_stats	80	rd_sect	U64	0	0
0x2167	sysstat-6.0.0	disk_stats	80	wr_sect	U64	16	16
0x2167	sysstat-6.0.0	disk_stats	80	rd_ticks	CULong	32	32
0x2167	sysstat-6.0.0	disk_stats	80	wr_ticks	CULong	40	40
0x2167	sysstat-6.0.0	disk_stats	80	tot_ticks	CULong	48	48
0x2167	sysstat-6.0.0	disk_stats	80	rq_ticks	CULong	56	56
0x2167	sysstat-6.0.0	disk_stats	80	nr_ios	CULong	64	64
0x2167	sysstat-6.0.0	disk_stats	80	major	U32	72	72
0x2167	sysstat-6.0.0	disk_stats	80	minor	U32	76	76
0x2168	sysstat-6.1.1	file_hdr	240	sa_ust_time	CULong	0	0
0x2168	sysstat-6.1.1	file_hdr	240	sa_actflag	U32	8	8
0x2168	sysstat-6.1.1	file_hdr	240	sa_nr_pid	U32	12	12
0x2168	sysstat-6.1.1	file_hdr	240	sa_irqcpu	U32	16	16
0x2168	sysstat-6.1.1	file_hdr	240	sa_nr_disk	U32	20	20
0x2168	sysstat-6.1.1	file_hdr	240	sa_proc	U32	24	24
0x2168	sysstat-6.1.1	file_hdr	240	sa_serial	U32	28	28
0x2168	sysstat-6.1.1	file_hdr	240	sa_iface	U32	32	32
0x2168	sysstat-6.1.1	file_hdr	240	sa_magic	U16	36	36
0x2168	sysstat-6.1.1	file_hdr	240	sa_st_size	U16	38	38
0x2168	sysstat-6.1.1	file_hdr	240	sa_day	U8	40	40
0x2168	sysstat-6.1.1	file_hdr	240	sa_month	U8	41	41
0x2168	sysstat-6.1.1	file_hdr	240	sa_year	U8	42	42
0x2168	sysstat-6.1.1	file_hdr	240	sa_sizeof_long	U8	43	43
0x2168	sysstat-6.1.1	file_hdr	240	sa_sysname	Bytes(65)	44	44
0x2168	sysstat-6.1.1	file_hdr	240	sa_nodename	Bytes(65)	109	109
0x2168	sysstat-6.1.1	file_hdr	240	sa_release	Bytes(65)	174	174
0x2168	sysstat-6.1.1	file_stats	464	uptime	U64	0	0
0x2168	sysstat-6.1.1	file_stats	464	uptime0	U64	16	16
0x2168	sysstat-6.1.1	file_stats	464	context_swtch	U64	32	32
0x2168	sysstat-6.1.1	file_stats	464	cpu_user	U64	48	48
0x2168	sysstat-6.1.1	file_stats	464	cpu_nice	U64	64	64
0x2168	sysstat-6.1.1	file_stats	464	cpu_system	U64	80	80
0x2168	sysstat-6.1.1	file_stats	464	cpu_idle	U64	96	96
0x2168	sysstat-6.1.1	file_stats	464	cpu_iowait	U64	112	112
0x2168	sysstat-6.1.1	file_stats	464	cpu_steal	U64	128	128
0x2168	sysstat-6.1.1	file_stats	464	irq_sum	U64	144	144
0x2168	sysstat-6.1.1	file_stats	464	ust_time	CULong	160	160
0x2168	sysstat-6.1.1	file_stats	464	processes	CULong	168	168
0x2168	sysstat-6.1.1	file_stats	464	pgpgin	CULong	176	176
0x2168	sysstat-6.1.1	file_stats	464	pgpgout	CULong	184	184
0x2168	sysstat-6.1.1	file_stats	464	pswpin	CULong	192	192
0x2168	sysstat-6.1.1	file_stats	464	pswpout	CULong	200	200
0x2168	sysstat-6.1.1	file_stats	464	frmkb	CULong	208	208
0x2168	sysstat-6.1.1	file_stats	464	bufkb	CULong	216	216
0x2168	sysstat-6.1.1	file_stats	464	camkb	CULong	224	224
0x2168	sysstat-6.1.1	file_stats	464	tlmkb	CULong	232	232
0x2168	sysstat-6.1.1	file_stats	464	frskb	CULong	240	240
0x2168	sysstat-6.1.1	file_stats	464	tlskb	CULong	248	248
0x2168	sysstat-6.1.1	file_stats	464	caskb	CULong	256	256
0x2168	sysstat-6.1.1	file_stats	464	nr_running	CULong	264	264
0x2168	sysstat-6.1.1	file_stats	464	pgfault	CULong	272	272
0x2168	sysstat-6.1.1	file_stats	464	pgmajfault	CULong	280	280
0x2168	sysstat-6.1.1	file_stats	464	dk_drive	U32	288	288
0x2168	sysstat-6.1.1	file_stats	464	dk_drive_rio	U32	292	292
0x2168	sysstat-6.1.1	file_stats	464	dk_drive_wio	U32	296	296
0x2168	sysstat-6.1.1	file_stats	464	dk_drive_rblk	U32	300	300
0x2168	sysstat-6.1.1	file_stats	464	dk_drive_wblk	U32	304	304
0x2168	sysstat-6.1.1	file_stats	464	file_used	U32	308	308
0x2168	sysstat-6.1.1	file_stats	464	inode_used	U32	312	312
0x2168	sysstat-6.1.1	file_stats	464	super_used	U32	316	316
0x2168	sysstat-6.1.1	file_stats	464	super_max	U32	320	320
0x2168	sysstat-6.1.1	file_stats	464	dquot_used	U32	324	324
0x2168	sysstat-6.1.1	file_stats	464	dquot_max	U32	328	328
0x2168	sysstat-6.1.1	file_stats	464	rtsig_queued	U32	332	332
0x2168	sysstat-6.1.1	file_stats	464	rtsig_max	U32	336	336
0x2168	sysstat-6.1.1	file_stats	464	sock_inuse	U32	340	340
0x2168	sysstat-6.1.1	file_stats	464	tcp_inuse	U32	344	344
0x2168	sysstat-6.1.1	file_stats	464	udp_inuse	U32	348	348
0x2168	sysstat-6.1.1	file_stats	464	raw_inuse	U32	352	352
0x2168	sysstat-6.1.1	file_stats	464	frag_inuse	U32	356	356
0x2168	sysstat-6.1.1	file_stats	464	dentry_stat	U32	360	360
0x2168	sysstat-6.1.1	file_stats	464	load_avg_1	U32	364	364
0x2168	sysstat-6.1.1	file_stats	464	load_avg_5	U32	368	368
0x2168	sysstat-6.1.1	file_stats	464	load_avg_15	U32	372	372
0x2168	sysstat-6.1.1	file_stats	464	nr_threads	U32	376	376
0x2168	sysstat-6.1.1	file_stats	464	nfs_rpccnt	U32	380	380
0x2168	sysstat-6.1.1	file_stats	464	nfs_rpcretrans	U32	384	384
0x2168	sysstat-6.1.1	file_stats	464	nfs_readcnt	U32	388	388
0x2168	sysstat-6.1.1	file_stats	464	nfs_writecnt	U32	392	392
0x2168	sysstat-6.1.1	file_stats	464	nfs_accesscnt	U32	396	396
0x2168	sysstat-6.1.1	file_stats	464	nfs_getattcnt	U32	400	400
0x2168	sysstat-6.1.1	file_stats	464	nfsd_rpccnt	U32	404	404
0x2168	sysstat-6.1.1	file_stats	464	nfsd_rpcbad	U32	408	408
0x2168	sysstat-6.1.1	file_stats	464	nfsd_netcnt	U32	412	412
0x2168	sysstat-6.1.1	file_stats	464	nfsd_netudpcnt	U32	416	416
0x2168	sysstat-6.1.1	file_stats	464	nfsd_nettcpcnt	U32	420	420
0x2168	sysstat-6.1.1	file_stats	464	nfsd_rchits	U32	424	424
0x2168	sysstat-6.1.1	file_stats	464	nfsd_rcmisses	U32	428	428
0x2168	sysstat-6.1.1	file_stats	464	nfsd_readcnt	U32	432	432
0x2168	sysstat-6.1.1	file_stats	464	nfsd_writecnt	U32	436	436
0x2168	sysstat-6.1.1	file_stats	464	nfsd_accesscnt	U32	440	440
0x2168	sysstat-6.1.1	file_stats	464	nfsd_getattcnt	U32	444	444
0x2168	sysstat-6.1.1	file_stats	464	record_type	U8	448	448
0x2168	sysstat-6.1.1	file_stats	464	hour	U8	449	449
0x2168	sysstat-6.1.1	file_stats	464	minute	U8	450	450
0x2168	sysstat-6.1.1	file_stats	464	second	U8	451	451
0x2168	sysstat-6.1.1	stats_one_cpu	112	per_cpu_idle	U64	0	0
0x2168	sysstat-6.1.1	stats_one_cpu	112	per_cpu_iowait	U64	16	16
0x2168	sysstat-6.1.1	stats_one_cpu	112	per_cpu_user	U64	32	32
0x2168	sysstat-6.1.1	stats_one_cpu	112	per_cpu_nice	U64	48	48
0x2168	sysstat-6.1.1	stats_one_cpu	112	per_cpu_system	U64	64	64
0x2168	sysstat-6.1.1	stats_one_cpu	112	per_cpu_steal	U64	80	80
0x2168	sysstat-6.1.1	stats_serial	32	rx	U32	0	0
0x2168	sysstat-6.1.1	stats_serial	32	tx	U32	4	4
0x2168	sysstat-6.1.1	stats_serial	32	frame	U32	8	8
0x2168	sysstat-6.1.1	stats_serial	32	parity	U32	12	12
0x2168	sysstat-6.1.1	stats_serial	32	brk	U32	16	16
0x2168	sysstat-6.1.1	stats_serial	32	overrun	U32	20	20
0x2168	sysstat-6.1.1	stats_serial	32	line	U32	24	24
0x2168	sysstat-6.1.1	stats_net_dev	144	rx_packets	CULong	0	0
0x2168	sysstat-6.1.1	stats_net_dev	144	tx_packets	CULong	8	8
0x2168	sysstat-6.1.1	stats_net_dev	144	rx_bytes	CULong	16	16
0x2168	sysstat-6.1.1	stats_net_dev	144	tx_bytes	CULong	24	24
0x2168	sysstat-6.1.1	stats_net_dev	144	rx_compressed	CULong	32	32
0x2168	sysstat-6.1.1	stats_net_dev	144	tx_compressed	CULong	40	40
0x2168	sysstat-6.1.1	stats_net_dev	144	multicast	CULong	48	48
0x2168	sysstat-6.1.1	stats_net_dev	144	collisions	CULong	56	56
0x2168	sysstat-6.1.1	stats_net_dev	144	rx_errors	CULong	64	64
0x2168	sysstat-6.1.1	stats_net_dev	144	tx_errors	CULong	72	72
0x2168	sysstat-6.1.1	stats_net_dev	144	rx_dropped	CULong	80	80
0x2168	sysstat-6.1.1	stats_net_dev	144	tx_dropped	CULong	88	88
0x2168	sysstat-6.1.1	stats_net_dev	144	rx_fifo_errors	CULong	96	96
0x2168	sysstat-6.1.1	stats_net_dev	144	tx_fifo_errors	CULong	104	104
0x2168	sysstat-6.1.1	stats_net_dev	144	rx_frame_errors	CULong	112	112
0x2168	sysstat-6.1.1	stats_net_dev	144	tx_carrier_errors	CULong	120	120
0x2168	sysstat-6.1.1	stats_net_dev	144	interface	Bytes(16)	128	128
0x2168	sysstat-6.1.1	stats_irq_cpu	8	interrupt	U32	0	0
0x2168	sysstat-6.1.1	stats_irq_cpu	8	irq	U32	4	4
0x2168	sysstat-6.1.1	disk_stats	80	rd_sect	U64	0	0
0x2168	sysstat-6.1.1	disk_stats	80	wr_sect	U64	16	16
0x2168	sysstat-6.1.1	disk_stats	80	rd_ticks	CULong	32	32
0x2168	sysstat-6.1.1	disk_stats	80	wr_ticks	CULong	40	40
0x2168	sysstat-6.1.1	disk_stats	80	tot_ticks	CULong	48	48
0x2168	sysstat-6.1.1	disk_stats	80	rq_ticks	CULong	56	56
0x2168	sysstat-6.1.1	disk_stats	80	nr_ios	CULong	64	64
0x2168	sysstat-6.1.1	disk_stats	80	major	U32	72	72
0x2168	sysstat-6.1.1	disk_stats	80	minor	U32	76	76
0x2169	sysstat-6.1.3	file_hdr	240	sa_ust_time	CULong	0	0
0x2169	sysstat-6.1.3	file_hdr	240	sa_actflag	U32	8	8
0x2169	sysstat-6.1.3	file_hdr	240	sa_nr_pid	U32	12	12
0x2169	sysstat-6.1.3	file_hdr	240	sa_irqcpu	U32	16	16
0x2169	sysstat-6.1.3	file_hdr	240	sa_nr_disk	U32	20	20
0x2169	sysstat-6.1.3	file_hdr	240	sa_proc	U32	24	24
0x2169	sysstat-6.1.3	file_hdr	240	sa_serial	U32	28	28
0x2169	sysstat-6.1.3	file_hdr	240	sa_iface	U32	32	32
0x2169	sysstat-6.1.3	file_hdr	240	sa_magic	U16	36	36
0x2169	sysstat-6.1.3	file_hdr	240	sa_st_size	U16	38	38
0x2169	sysstat-6.1.3	file_hdr	240	sa_day	U8	40	40
0x2169	sysstat-6.1.3	file_hdr	240	sa_month	U8	41	41
0x2169	sysstat-6.1.3	file_hdr	240	sa_year	U8	42	42
0x2169	sysstat-6.1.3	file_hdr	240	sa_sizeof_long	U8	43	43
0x2169	sysstat-6.1.3	file_hdr	240	sa_sysname	Bytes(65)	44	44
0x2169	sysstat-6.1.3	file_hdr	240	sa_nodename	Bytes(65)	109	109
0x2169	sysstat-6.1.3	file_hdr	240	sa_release	Bytes(65)	174	174
0x2169	sysstat-6.1.3	file_stats	464	uptime	U64	0	0
0x2169	sysstat-6.1.3	file_stats	464	uptime0	U64	16	16
0x2169	sysstat-6.1.3	file_stats	464	context_swtch	U64	32	32
0x2169	sysstat-6.1.3	file_stats	464	cpu_user	U64	48	48
0x2169	sysstat-6.1.3	file_stats	464	cpu_nice	U64	64	64
0x2169	sysstat-6.1.3	file_stats	464	cpu_system	U64	80	80
0x2169	sysstat-6.1.3	file_stats	464	cpu_idle	U64	96	96
0x2169	sysstat-6.1.3	file_stats	464	cpu_iowait	U64	112	112
0x2169	sysstat-6.1.3	file_stats	464	cpu_steal	U64	128	128
0x2169	sysstat-6.1.3	file_stats	464	irq_sum	U64	144	144
0x2169	sysstat-6.1.3	file_stats	464	ust_time	CULong	160	160
0x2169	sysstat-6.1.3	file_stats	464	processes	CULong	168	168
0x2169	sysstat-6.1.3	file_stats	464	pgpgin	CULong	176	176
0x2169	sysstat-6.1.3	file_stats	464	pgpgout	CULong	184	184
0x2169	sysstat-6.1.3	file_stats	464	pswpin	CULong	192	192
0x2169	sysstat-6.1.3	file_stats	464	pswpout	CULong	200	200
0x2169	sysstat-6.1.3	file_stats	464	frmkb	CULong	208	208
0x2169	sysstat-6.1.3	file_stats	464	bufkb	CULong	216	216
0x2169	sysstat-6.1.3	file_stats	464	camkb	CULong	224	224
0x2169	sysstat-6.1.3	file_stats	464	tlmkb	CULong	232	232
0x2169	sysstat-6.1.3	file_stats	464	frskb	CULong	240	240
0x2169	sysstat-6.1.3	file_stats	464	tlskb	CULong	248	248
0x2169	sysstat-6.1.3	file_stats	464	caskb	CULong	256	256
0x2169	sysstat-6.1.3	file_stats	464	nr_running	CULong	264	264
0x2169	sysstat-6.1.3	file_stats	464	pgfault	CULong	272	272
0x2169	sysstat-6.1.3	file_stats	464	pgmajfault	CULong	280	280
0x2169	sysstat-6.1.3	file_stats	464	dk_drive	U32	288	288
0x2169	sysstat-6.1.3	file_stats	464	dk_drive_rio	U32	292	292
0x2169	sysstat-6.1.3	file_stats	464	dk_drive_wio	U32	296	296
0x2169	sysstat-6.1.3	file_stats	464	dk_drive_rblk	U32	300	300
0x2169	sysstat-6.1.3	file_stats	464	dk_drive_wblk	U32	304	304
0x2169	sysstat-6.1.3	file_stats	464	file_used	U32	308	308
0x2169	sysstat-6.1.3	file_stats	464	inode_used	U32	312	312
0x2169	sysstat-6.1.3	file_stats	464	super_used	U32	316	316
0x2169	sysstat-6.1.3	file_stats	464	super_max	U32	320	320
0x2169	sysstat-6.1.3	file_stats	464	dquot_used	U32	324	324
0x2169	sysstat-6.1.3	file_stats	464	dquot_max	U32	328	328
0x2169	sysstat-6.1.3	file_stats	464	rtsig_queued	U32	332	332
0x2169	sysstat-6.1.3	file_stats	464	rtsig_max	U32	336	336
0x2169	sysstat-6.1.3	file_stats	464	sock_inuse	U32	340	340
0x2169	sysstat-6.1.3	file_stats	464	tcp_inuse	U32	344	344
0x2169	sysstat-6.1.3	file_stats	464	udp_inuse	U32	348	348
0x2169	sysstat-6.1.3	file_stats	464	raw_inuse	U32	352	352
0x2169	sysstat-6.1.3	file_stats	464	frag_inuse	U32	356	356
0x2169	sysstat-6.1.3	file_stats	464	dentry_stat	U32	360	360
0x2169	sysstat-6.1.3	file_stats	464	load_avg_1	U32	364	364
0x2169	sysstat-6.1.3	file_stats	464	load_avg_5	U32	368	368
0x2169	sysstat-6.1.3	file_stats	464	load_avg_15	U32	372	372
0x2169	sysstat-6.1.3	file_stats	464	nr_threads	U32	376	376
0x2169	sysstat-6.1.3	file_stats	464	nfs_rpccnt	U32	380	380
0x2169	sysstat-6.1.3	file_stats	464	nfs_rpcretrans	U32	384	384
0x2169	sysstat-6.1.3	file_stats	464	nfs_readcnt	U32	388	388
0x2169	sysstat-6.1.3	file_stats	464	nfs_writecnt	U32	392	392
0x2169	sysstat-6.1.3	file_stats	464	nfs_accesscnt	U32	396	396
0x2169	sysstat-6.1.3	file_stats	464	nfs_getattcnt	U32	400	400
0x2169	sysstat-6.1.3	file_stats	464	nfsd_rpccnt	U32	404	404
0x2169	sysstat-6.1.3	file_stats	464	nfsd_rpcbad	U32	408	408
0x2169	sysstat-6.1.3	file_stats	464	nfsd_netcnt	U32	412	412
0x2169	sysstat-6.1.3	file_stats	464	nfsd_netudpcnt	U32	416	416
0x2169	sysstat-6.1.3	file_stats	464	nfsd_nettcpcnt	U32	420	420
0x2169	sysstat-6.1.3	file_stats	464	nfsd_rchits	U32	424	424
0x2169	sysstat-6.1.3	file_stats	464	nfsd_rcmisses	U32	428	428
0x2169	sysstat-6.1.3	file_stats	464	nfsd_readcnt	U32	432	432
0x2169	sysstat-6.1.3	file_stats	464	nfsd_writecnt	U32	436	436
0x2169	sysstat-6.1.3	file_stats	464	nfsd_accesscnt	U32	440	440
0x2169	sysstat-6.1.3	file_stats	464	nfsd_getattcnt	U32	444	444
0x2169	sysstat-6.1.3	file_stats	464	record_type	U8	448	448
0x2169	sysstat-6.1.3	file_stats	464	hour	U8	449	449
0x2169	sysstat-6.1.3	file_stats	464	minute	U8	450	450
0x2169	sysstat-6.1.3	file_stats	464	second	U8	451	451
0x2169	sysstat-6.1.3	stats_one_cpu	112	per_cpu_idle	U64	0	0
0x2169	sysstat-6.1.3	stats_one_cpu	112	per_cpu_iowait	U64	16	16
0x2169	sysstat-6.1.3	stats_one_cpu	112	per_cpu_user	U64	32	32
0x2169	sysstat-6.1.3	stats_one_cpu	112	per_cpu_nice	U64	48	48
0x2169	sysstat-6.1.3	stats_one_cpu	112	per_cpu_system	U64	64	64
0x2169	sysstat-6.1.3	stats_one_cpu	112	per_cpu_steal	U64	80	80
0x2169	sysstat-6.1.3	stats_serial	32	rx	U32	0	0
0x2169	sysstat-6.1.3	stats_serial	32	tx	U32	4	4
0x2169	sysstat-6.1.3	stats_serial	32	frame	U32	8	8
0x2169	sysstat-6.1.3	stats_serial	32	parity	U32	12	12
0x2169	sysstat-6.1.3	stats_serial	32	brk	U32	16	16
0x2169	sysstat-6.1.3	stats_serial	32	overrun	U32	20	20
0x2169	sysstat-6.1.3	stats_serial	32	line	U32	24	24
0x2169	sysstat-6.1.3	stats_net_dev	144	rx_packets	CULong	0	0
0x2169	sysstat-6.1.3	stats_net_dev	144	tx_packets	CULong	8	8
0x2169	sysstat-6.1.3	stats_net_dev	144	rx_bytes	CULong	16	16
0x2169	sysstat-6.1.3	stats_net_dev	144	tx_bytes	CULong	24	24
0x2169	sysstat-6.1.3	stats_net_dev	144	rx_compressed	CULong	32	32
0x2169	sysstat-6.1.3	stats_net_dev	144	tx_compressed	CULong	40	40
0x2169	sysstat-6.1.3	stats_net_dev	144	multicast	CULong	48	48
0x2169	sysstat-6.1.3	stats_net_dev	144	collisions	CULong	56	56
0x2169	sysstat-6.1.3	stats_net_dev	144	rx_errors	CULong	64	64
0x2169	sysstat-6.1.3	stats_net_dev	144	tx_errors	CULong	72	72
0x2169	sysstat-6.1.3	stats_net_dev	144	rx_dropped	CULong	80	80
0x2169	sysstat-6.1.3	stats_net_dev	144	tx_dropped	CULong	88	88
0x2169	sysstat-6.1.3	stats_net_dev	144	rx_fifo_errors	CULong	96	96
0x2169	sysstat-6.1.3	stats_net_dev	144	tx_fifo_errors	CULong	104	104
0x2169	sysstat-6.1.3	stats_net_dev	144	rx_frame_errors	CULong	112	112
0x2169	sysstat-6.1.3	stats_net_dev	144	tx_carrier_errors	CULong	120	120
0x2169	sysstat-6.1.3	stats_net_dev	144	interface	Bytes(16)	128	128
0x2169	sysstat-6.1.3	stats_irq_cpu	8	interrupt	U32	0	0
0x2169	sysstat-6.1.3	stats_irq_cpu	8	irq	U32	4	4
0x2169	sysstat-6.1.3	disk_stats	80	rd_sect	U64	0	0
0x2169	sysstat-6.1.3	disk_stats	80	wr_sect	U64	16	16
0x2169	sysstat-6.1.3	disk_stats	80	rd_ticks	CULong	32	32
0x2169	sysstat-6.1.3	disk_stats	80	wr_ticks	CULong	40	40
0x2169	sysstat-6.1.3	disk_stats	80	tot_ticks	CULong	48	48
0x2169	sysstat-6.1.3	disk_stats	80	rq_ticks	CULong	56	56
0x2169	sysstat-6.1.3	disk_stats	80	nr_ios	CULong	64	64
0x2169	sysstat-6.1.3	disk_stats	80	major	U32	72	72
0x2169	sysstat-6.1.3	disk_stats	80	minor	U32	76	76
0x216a	sysstat-7.1.2	file_hdr	240	sa_ust_time	CULong	0	0
0x216a	sysstat-7.1.2	file_hdr	240	sa_actflag	U32	8	8
0x216a	sysstat-7.1.2	file_hdr	240	sa_nr_pid	U32	12	12
0x216a	sysstat-7.1.2	file_hdr	240	sa_irqcpu	U32	16	16
0x216a	sysstat-7.1.2	file_hdr	240	sa_nr_disk	U32	20	20
0x216a	sysstat-7.1.2	file_hdr	240	sa_proc	U32	24	24
0x216a	sysstat-7.1.2	file_hdr	240	sa_serial	U32	28	28
0x216a	sysstat-7.1.2	file_hdr	240	sa_iface	U32	32	32
0x216a	sysstat-7.1.2	file_hdr	240	sa_magic	U16	36	36
0x216a	sysstat-7.1.2	file_hdr	240	sa_st_size	U16	38	38
0x216a	sysstat-7.1.2	file_hdr	240	sa_day	U8	40	40
0x216a	sysstat-7.1.2	file_hdr	240	sa_month	U8	41	41
0x216a	sysstat-7.1.2	file_hdr	240	sa_year	U8	42	42
0x216a	sysstat-7.1.2	file_hdr	240	sa_sizeof_long	U8	43	43
0x216a	sysstat-7.1.2	file_hdr	240	sa_sysname	Bytes(65)	44	44
0x216a	sysstat-7.1.2	file_hdr	240	sa_nodename	Bytes(65)	109	109
0x216a	sysstat-7.1.2	file_hdr	240	sa_release	Bytes(65)	174	174
0x216a	sysstat-7.1.2	file_stats	464	uptime	U64	0	0
0x216a	sysstat-7.1.2	file_stats	464	uptime0	U64	16	16
0x216a	sysstat-7.1.2	file_stats	464	context_swtch	U64	32	32
0x216a	sysstat-7.1.2	file_stats	464	cpu_user	U64	48	48
0x216a	sysstat-7.1.2	file_stats	464	cpu_nice	U64	64	64
0x216a	sysstat-7.1.2	file_stats	464	cpu_system	U64	80	80
0x216a	sysstat-7.1.2	file_stats	464	cpu_idle	U64	96	96
0x216a	sysstat-7.1.2	file_stats	464	cpu_iowait	U64	112	112
0x216a	sysstat-7.1.2	file_stats	464	cpu_steal	U64	128	128
0x216a	sysstat-7.1.2	file_stats	464	irq_sum	U64	144	144
0x216a	sysstat-7.1.2	file_stats	464	ust_time	CULong	160	160
0x216a	sysstat-7.1.2	file_stats	464	processes	CULong	168	168
0x216a	sysstat-7.1.2	file_stats	464	pgpgin	CULong	176	176
0x216a	sysstat-7.1.2	file_stats	464	pgpgout	CULong	184	184
0x216a	sysstat-7.1.2	file_stats	464	pswpin	CULong	192	192
0x216a	sysstat-7.1.2	file_stats	464	pswpout	CULong	200	200
0x216a	sysstat-7.1.2	file_stats	464	frmkb	CULong	208	208
0x216a	sysstat-7.1.2	file_stats	464	bufkb	CULong	216	216
0x216a	sysstat-7.1.2	file_stats	464	camkb	CULong	224	224
0x216a	sysstat-7.1.2	file_stats	464	tlmkb	CULong	232	232
0x216a	sysstat-7.1.2	file_stats	464	frskb	CULong	240	240
0x216a	sysstat-7.1.2	file_stats	464	tlskb	CULong	248	248
0x216a	sysstat-7.1.2	file_stats	464	caskb	CULong	256	256
0x216a	sysstat-7.1.2	file_stats	464	nr_running	CULong	264	264
0x216a	sysstat-7.1.2	file_stats	464	pgfault	CULong	272	272
0x216a	sysstat-7.1.2	file_stats	464	pgmajfault	CULong	280	280
0x216a	sysstat-7.1.2	file_stats	464	dk_drive	U32	288	288
0x216a	sysstat-7.1.2	file_stats	464	dk_drive_rio	U32	292	292
0x216a	sysstat-7.1.2	file_stats	464	dk_drive_wio	U32	296	296
0x216a	sysstat-7.1.2	file_stats	464	dk_drive_rblk	U32	300	300
0x216a	sysstat-7.1.2	file_stats	464	dk_drive_wblk	U32	304	304
0x216a	sysstat-7.1.2	file_stats	464	file_used	U32	308	308
0x216a	sysstat-7.1.2	file_stats	464	inode_used	U32	312	312
0x216a	sysstat-7.1.2	file_stats	464	super_used	U32	316	316
0x216a	sysstat-7.1.2	file_stats	464	super_max	U32	320	320
0x216a	sysstat-7.1.2	file_stats	464	dquot_used	U32	324	324
0x216a	sysstat-7.1.2	file_stats	464	dquot_max	U32	328	328
0x216a	sysstat-7.1.2	file_stats	464	rtsig_queued	U32	332	332
0x216a	sysstat-7.1.2	file_stats	464	rtsig_max	U32	336	336
0x216a	sysstat-7.1.2	file_stats	464	sock_inuse	U32	340	340
0x216a	sysstat-7.1.2	file_stats	464	tcp_inuse	U32	344	344
0x216a	sysstat-7.1.2	file_stats	464	udp_inuse	U32	348	348
0x216a	sysstat-7.1.2	file_stats	464	raw_inuse	U32	352	352
0x216a	sysstat-7.1.2	file_stats	464	frag_inuse	U32	356	356
0x216a	sysstat-7.1.2	file_stats	464	dentry_stat	U32	360	360
0x216a	sysstat-7.1.2	file_stats	464	load_avg_1	U32	364	364
0x216a	sysstat-7.1.2	file_stats	464	load_avg_5	U32	368	368
0x216a	sysstat-7.1.2	file_stats	464	load_avg_15	U32	372	372
0x216a	sysstat-7.1.2	file_stats	464	nr_threads	U32	376	376
0x216a	sysstat-7.1.2	file_stats	464	nfs_rpccnt	U32	380	380
0x216a	sysstat-7.1.2	file_stats	464	nfs_rpcretrans	U32	384	384
0x216a	sysstat-7.1.2	file_stats	464	nfs_readcnt	U32	388	388
0x216a	sysstat-7.1.2	file_stats	464	nfs_writecnt	U32	392	392
0x216a	sysstat-7.1.2	file_stats	464	nfs_accesscnt	U32	396	396
0x216a	sysstat-7.1.2	file_stats	464	nfs_getattcnt	U32	400	400
0x216a	sysstat-7.1.2	file_stats	464	nfsd_rpccnt	U32	404	404
0x216a	sysstat-7.1.2	file_stats	464	nfsd_rpcbad	U32	408	408
0x216a	sysstat-7.1.2	file_stats	464	nfsd_netcnt	U32	412	412
0x216a	sysstat-7.1.2	file_stats	464	nfsd_netudpcnt	U32	416	416
0x216a	sysstat-7.1.2	file_stats	464	nfsd_nettcpcnt	U32	420	420
0x216a	sysstat-7.1.2	file_stats	464	nfsd_rchits	U32	424	424
0x216a	sysstat-7.1.2	file_stats	464	nfsd_rcmisses	U32	428	428
0x216a	sysstat-7.1.2	file_stats	464	nfsd_readcnt	U32	432	432
0x216a	sysstat-7.1.2	file_stats	464	nfsd_writecnt	U32	436	436
0x216a	sysstat-7.1.2	file_stats	464	nfsd_accesscnt	U32	440	440
0x216a	sysstat-7.1.2	file_stats	464	nfsd_getattcnt	U32	444	444
0x216a	sysstat-7.1.2	file_stats	464	record_type	U8	448	448
0x216a	sysstat-7.1.2	file_stats	464	hour	U8	449	449
0x216a	sysstat-7.1.2	file_stats	464	minute	U8	450	450
0x216a	sysstat-7.1.2	file_stats	464	second	U8	451	451
0x216a	sysstat-7.1.2	stats_one_cpu	96	per_cpu_idle	U64	0	0
0x216a	sysstat-7.1.2	stats_one_cpu	96	per_cpu_iowait	U64	16	16
0x216a	sysstat-7.1.2	stats_one_cpu	96	per_cpu_user	U64	32	32
0x216a	sysstat-7.1.2	stats_one_cpu	96	per_cpu_nice	U64	48	48
0x216a	sysstat-7.1.2	stats_one_cpu	96	per_cpu_system	U64	64	64
0x216a	sysstat-7.1.2	stats_one_cpu	96	per_cpu_steal	U64	80	80
0x216a	sysstat-7.1.2	stats_serial	28	rx	U32	0	0
0x216a	sysstat-7.1.2	stats_serial	28	tx	U32	4	4
0x216a	sysstat-7.1.2	stats_serial	28	frame	U32	8	8
0x216a	sysstat-7.1.2	stats_serial	28	parity	U32	12	12
0x216a	sysstat-7.1.2	stats_serial	28	brk	U32	16	16
0x216a	sysstat-7.1.2	stats_serial	28	overrun	U32	20	20
0x216a	sysstat-7.1.2	stats_serial	28	line	U32	24	24
0x216a	sysstat-7.1.2	stats_net_dev	144	rx_packets	CULong	0	0
0x216a	sysstat-7.1.2	stats_net_dev	144	tx_packets	CULong	8	8
0x216a	sysstat-7.1.2	stats_net_dev	144	rx_bytes	CULong	16	16
0x216a	sysstat-7.1.2	stats_net_dev	144	tx_bytes	CULong	24	24
0x216a	sysstat-7.1.2	stats_net_dev	144	rx_compressed	CULong	32	32
0x216a	sysstat-7.1.2	stats_net_dev	144	tx_compressed	CULong	40	40
0x216a	sysstat-7.1.2	stats_net_dev	144	multicast	CULong	48	48
0x216a	sysstat-7.1.2	stats_net_dev	144	collisions	CULong	56	56
0x216a	sysstat-7.1.2	stats_net_dev	144	rx_errors	CULong	64	64
0x216a	sysstat-7.1.2	stats_net_dev	144	tx_errors	CULong	72	72
0x216a	sysstat-7.1.2	stats_net_dev	144	rx_dropped	CULong	80	80
0x216a	sysstat-7.1.2	stats_net_dev	144	tx_dropped	CULong	88	88
0x216a	sysstat-7.1.2	stats_net_dev	144	rx_fifo_errors	CULong	96	96
0x216a	sysstat-7.1.2	stats_net_dev	144	tx_fifo_errors	CULong	104	104
0x216a	sysstat-7.1.2	stats_net_dev	144	rx_frame_errors	CULong	112	112
0x216a	sysstat-7.1.2	stats_net_dev	144	tx_carrier_errors	CULong	120	120
0x216a	sysstat-7.1.2	stats_net_dev	144	interface	Bytes(16)	128	128
0x216a	sysstat-7.1.2	stats_irq_cpu	8	interrupt	U32	0	0
0x216a	sysstat-7.1.2	stats_irq_cpu	8	irq	U32	4	4
0x216a	sysstat-7.1.2	disk_stats	80	rd_sect	U64	0	0
0x216a	sysstat-7.1.2	disk_stats	80	wr_sect	U64	16	16
0x216a	sysstat-7.1.2	disk_stats	80	rd_ticks	CULong	32	32
0x216a	sysstat-7.1.2	disk_stats	80	wr_ticks	CULong	40	40
0x216a	sysstat-7.1.2	disk_stats	80	tot_ticks	CULong	48	48
0x216a	sysstat-7.1.2	disk_stats	80	rq_ticks	CULong	56	56
0x216a	sysstat-7.1.2	disk_stats	80	nr_ios	CULong	64	64
0x216a	sysstat-7.1.2	disk_stats	80	major	U32	72	72
0x216a	sysstat-7.1.2	disk_stats	80	minor	U32	76	76
0x216b	sysstat-7.1.3	file_hdr	240	sa_ust_time	CULong	0	0
0x216b	sysstat-7.1.3	file_hdr	240	sa_actflag	U32	8	8
0x216b	sysstat-7.1.3	file_hdr	240	sa_nr_pid	U32	12	12
0x216b	sysstat-7.1.3	file_hdr	240	sa_irqcpu	U32	16	16
0x216b	sysstat-7.1.3	file_hdr	240	sa_nr_disk	U32	20	20
0x216b	sysstat-7.1.3	file_hdr	240	sa_proc	U32	24	24
0x216b	sysstat-7.1.3	file_hdr	240	sa_serial	U32	28	28
0x216b	sysstat-7.1.3	file_hdr	240	sa_iface	U32	32	32
0x216b	sysstat-7.1.3	file_hdr	240	sa_magic	U16	36	36
0x216b	sysstat-7.1.3	file_hdr	240	sa_st_size	U16	38	38
0x216b	sysstat-7.1.3	file_hdr	240	sa_day	U8	40	40
0x216b	sysstat-7.1.3	file_hdr	240	sa_month	U8	41	41
0x216b	sysstat-7.1.3	file_hdr	240	sa_year	U8	42	42
0x216b	sysstat-7.1.3	file_hdr	240	sa_sizeof_long	U8	43	43
0x216b	sysstat-7.1.3	file_hdr	240	sa_sysname	Bytes(65)	44	44
0x216b	sysstat-7.1.3	file_hdr	240	sa_nodename	Bytes(65)	109	109
0x216b	sysstat-7.1.3	file_hdr	240	sa_release	Bytes(65)	174	174
0x216b	sysstat-7.1.3	file_stats	464	uptime	U64	0	0
0x216b	sysstat-7.1.3	file_stats	464	uptime0	U64	16	16
0x216b	sysstat-7.1.3	file_stats	464	context_swtch	U64	32	32
0x216b	sysstat-7.1.3	file_stats	464	cpu_user	U64	48	48
0x216b	sysstat-7.1.3	file_stats	464	cpu_nice	U64	64	64
0x216b	sysstat-7.1.3	file_stats	464	cpu_system	U64	80	80
0x216b	sysstat-7.1.3	file_stats	464	cpu_idle	U64	96	96
0x216b	sysstat-7.1.3	file_stats	464	cpu_iowait	U64	112	112
0x216b	sysstat-7.1.3	file_stats	464	cpu_steal	U64	128	128
0x216b	sysstat-7.1.3	file_stats	464	irq_sum	U64	144	144
0x216b	sysstat-7.1.3	file_stats	464	ust_time	CULong	160	160
0x216b	sysstat-7.1.3	file_stats	464	processes	CULong	168	168
0x216b	sysstat-7.1.3	file_stats	464	pgpgin	CULong	176	176
0x216b	sysstat-7.1.3	file_stats	464	pgpgout	CULong	184	184
0x216b	sysstat-7.1.3	file_stats	464	pswpin	CULong	192	192
0x216b	sysstat-7.1.3	file_stats	464	pswpout	CULong	200	200
0x216b	sysstat-7.1.3	file_stats	464	frmkb	CULong	208	208
0x216b	sysstat-7.1.3	file_stats	464	bufkb	CULong	216	216
0x216b	sysstat-7.1.3	file_stats	464	camkb	CULong	224	224
0x216b	sysstat-7.1.3	file_stats	464	tlmkb	CULong	232	232
0x216b	sysstat-7.1.3	file_stats	464	frskb	CULong	240	240
0x216b	sysstat-7.1.3	file_stats	464	tlskb	CULong	248	248
0x216b	sysstat-7.1.3	file_stats	464	caskb	CULong	256	256
0x216b	sysstat-7.1.3	file_stats	464	nr_running	CULong	264	264
0x216b	sysstat-7.1.3	file_stats	464	pgfault	CULong	272	272
0x216b	sysstat-7.1.3	file_stats	464	pgmajfault	CULong	280	280
0x216b	sysstat-7.1.3	file_stats	464	dk_drive	U32	288	288
0x216b	sysstat-7.1.3	file_stats	464	dk_drive_rio	U32	292	292
0x216b	sysstat-7.1.3	file_stats	464	dk_drive_wio	U32	296	296
0x216b	sysstat-7.1.3	file_stats	464	dk_drive_rblk	U32	300	300
0x216b	sysstat-7.1.3	file_stats	464	dk_drive_wblk	U32	304	304
0x216b	sysstat-7.1.3	file_stats	464	file_used	U32	308	308
0x216b	sysstat-7.1.3	file_stats	464	inode_used	U32	312	312
0x216b	sysstat-7.1.3	file_stats	464	super_used	U32	316	316
0x216b	sysstat-7.1.3	file_stats	464	super_max	U32	320	320
0x216b	sysstat-7.1.3	file_stats	464	dquot_used	U32	324	324
0x216b	sysstat-7.1.3	file_stats	464	dquot_max	U32	328	328
0x216b	sysstat-7.1.3	file_stats	464	rtsig_queued	U32	332	332
0x216b	sysstat-7.1.3	file_stats	464	rtsig_max	U32	336	336
0x216b	sysstat-7.1.3	file_stats	464	sock_inuse	U32	340	340
0x216b	sysstat-7.1.3	file_stats	464	tcp_inuse	U32	344	344
0x216b	sysstat-7.1.3	file_stats	464	udp_inuse	U32	348	348
0x216b	sysstat-7.1.3	file_stats	464	raw_inuse	U32	352	352
0x216b	sysstat-7.1.3	file_stats	464	frag_inuse	U32	356	356
0x216b	sysstat-7.1.3	file_stats	464	dentry_stat	U32	360	360
0x216b	sysstat-7.1.3	file_stats	464	load_avg_1	U32	364	364
0x216b	sysstat-7.1.3	file_stats	464	load_avg_5	U32	368	368
0x216b	sysstat-7.1.3	file_stats	464	load_avg_15	U32	372	372
0x216b	sysstat-7.1.3	file_stats	464	nr_threads	U32	376	376
0x216b	sysstat-7.1.3	file_stats	464	nfs_rpccnt	U32	380	380
0x216b	sysstat-7.1.3	file_stats	464	nfs_rpcretrans	U32	384	384
0x216b	sysstat-7.1.3	file_stats	464	nfs_readcnt	U32	388	388
0x216b	sysstat-7.1.3	file_stats	464	nfs_writecnt	U32	392	392
0x216b	sysstat-7.1.3	file_stats	464	nfs_accesscnt	U32	396	396
0x216b	sysstat-7.1.3	file_stats	464	nfs_getattcnt	U32	400	400
0x216b	sysstat-7.1.3	file_stats	464	nfsd_rpccnt	U32	404	404
0x216b	sysstat-7.1.3	file_stats	464	nfsd_rpcbad	U32	408	408
0x216b	sysstat-7.1.3	file_stats	464	nfsd_netcnt	U32	412	412
0x216b	sysstat-7.1.3	file_stats	464	nfsd_netudpcnt	U32	416	416
0x216b	sysstat-7.1.3	file_stats	464	nfsd_nettcpcnt	U32	420	420
0x216b	sysstat-7.1.3	file_stats	464	nfsd_rchits	U32	424	424
0x216b	sysstat-7.1.3	file_stats	464	nfsd_rcmisses	U32	428	428
0x216b	sysstat-7.1.3	file_stats	464	nfsd_readcnt	U32	432	432
0x216b	sysstat-7.1.3	file_stats	464	nfsd_writecnt	U32	436	436
0x216b	sysstat-7.1.3	file_stats	464	nfsd_accesscnt	U32	440	440
0x216b	sysstat-7.1.3	file_stats	464	nfsd_getattcnt	U32	444	444
0x216b	sysstat-7.1.3	file_stats	464	record_type	U8	448	448
0x216b	sysstat-7.1.3	file_stats	464	hour	U8	449	449
0x216b	sysstat-7.1.3	file_stats	464	minute	U8	450	450
0x216b	sysstat-7.1.3	file_stats	464	second	U8	451	451
0x216b	sysstat-7.1.3	stats_one_cpu	96	per_cpu_idle	U64	0	0
0x216b	sysstat-7.1.3	stats_one_cpu	96	per_cpu_iowait	U64	16	16
0x216b	sysstat-7.1.3	stats_one_cpu	96	per_cpu_user	U64	32	32
0x216b	sysstat-7.1.3	stats_one_cpu	96	per_cpu_nice	U64	48	48
0x216b	sysstat-7.1.3	stats_one_cpu	96	per_cpu_system	U64	64	64
0x216b	sysstat-7.1.3	stats_one_cpu	96	per_cpu_steal	U64	80	80
0x216b	sysstat-7.1.3	stats_serial	28	rx	U32	0	0
0x216b	sysstat-7.1.3	stats_serial	28	tx	U32	4	4
0x216b	sysstat-7.1.3	stats_serial	28	frame	U32	8	8
0x216b	sysstat-7.1.3	stats_serial	28	parity	U32	12	12
0x216b	sysstat-7.1.3	stats_serial	28	brk	U32	16	16
0x216b	sysstat-7.1.3	stats_serial	28	overrun	U32	20	20
0x216b	sysstat-7.1.3	stats_serial	28	line	U32	24	24
0x216b	sysstat-7.1.3	stats_net_dev	144	rx_packets	CULong	0	0
0x216b	sysstat-7.1.3	stats_net_dev	144	tx_packets	CULong	8	8
0x216b	sysstat-7.1.3	stats_net_dev	144	rx_bytes	CULong	16	16
0x216b	sysstat-7.1.3	stats_net_dev	144	tx_bytes	CULong	24	24
0x216b	sysstat-7.1.3	stats_net_dev	144	rx_compressed	CULong	32	32
0x216b	sysstat-7.1.3	stats_net_dev	144	tx_compressed	CULong	40	40
0x216b	sysstat-7.1.3	stats_net_dev	144	multicast	CULong	48	48
0x216b	sysstat-7.1.3	stats_net_dev	144	collisions	CULong	56	56
0x216b	sysstat-7.1.3	stats_net_dev	144	rx_errors	CULong	64	64
0x216b	sysstat-7.1.3	stats_net_dev	144	tx_errors	CULong	72	72
0x216b	sysstat-7.1.3	stats_net_dev	144	rx_dropped	CULong	80	80
0x216b	sysstat-7.1.3	stats_net_dev	144	tx_dropped	CULong	88	88
0x216b	sysstat-7.1.3	stats_net_dev	144	rx_fifo_errors	CULong	96	96
0x216b	sysstat-7.1.3	stats_net_dev	144	tx_fifo_errors	CULong	104	104
0x216b	sysstat-7.1.3	stats_net_dev	144	rx_frame_errors	CULong	112	112
0x216b	sysstat-7.1.3	stats_net_dev	144	tx_carrier_errors	CULong	120	120
0x216b	sysstat-7.1.3	stats_net_dev	144	interface	Bytes(16)	128	128
0x216b	sysstat-7.1.3	stats_irq_cpu	8	interrupt	U32	0	0
0x216b	sysstat-7.1.3	stats_irq_cpu	8	irq	U32	4	4
0x216b	sysstat-7.1.3	disk_stats	80	rd_sect	U64	0	0
0x216b	sysstat-7.1.3	disk_stats	80	wr_sect	U64	16	16
0x216b	sysstat-7.1.3	disk_stats	80	rd_ticks	CULong	32	32
0x216b	sysstat-7.1.3	disk_stats	80	wr_ticks	CULong	40	40
0x216b	sysstat-7.1.3	disk_stats	80	tot_ticks	CULong	48	48
0x216b	sysstat-7.1.3	disk_stats	80	rq_ticks	CULong	56	56
0x216b	sysstat-7.1.3	disk_stats	80	nr_ios	CULong	64	64
0x216b	sysstat-7.1.3	disk_stats	80	major	U32	72	72
0x216b	sysstat-7.1.3	disk_stats	80	minor	U32	76	76
0x216c	sysstat-7.1.5	file_hdr	240	sa_ust_time	CULong	0	0
0x216c	sysstat-7.1.5	file_hdr	240	sa_actflag	U32	8	8
0x216c	sysstat-7.1.5	file_hdr	240	sa_nr_pid	U32	12	12
0x216c	sysstat-7.1.5	file_hdr	240	sa_irqcpu	U32	16	16
0x216c	sysstat-7.1.5	file_hdr	240	sa_nr_disk	U32	20	20
0x216c	sysstat-7.1.5	file_hdr	240	sa_proc	U32	24	24
0x216c	sysstat-7.1.5	file_hdr	240	sa_serial	U32	28	28
0x216c	sysstat-7.1.5	file_hdr	240	sa_iface	U32	32	32
0x216c	sysstat-7.1.5	file_hdr	240	sa_magic	U16	36	36
0x216c	sysstat-7.1.5	file_hdr	240	sa_st_size	U16	38	38
0x216c	sysstat-7.1.5	file_hdr	240	sa_day	U8	40	40
0x216c	sysstat-7.1.5	file_hdr	240	sa_month	U8	41	41
0x216c	sysstat-7.1.5	file_hdr	240	sa_year	U8	42	42
0x216c	sysstat-7.1.5	file_hdr	240	sa_sizeof_long	U8	43	43
0x216c	sysstat-7.1.5	file_hdr	240	sa_sysname	Bytes(65)	44	44
0x216c	sysstat-7.1.5	file_hdr	240	sa_nodename	Bytes(65)	109	109
0x216c	sysstat-7.1.5	file_hdr	240	sa_release	Bytes(65)	174	174
0x216c	sysstat-7.1.5	file_stats	464	uptime	U64	0	0
0x216c	sysstat-7.1.5	file_stats	464	uptime0	U64	16	16
0x216c	sysstat-7.1.5	file_stats	464	context_swtch	U64	32	32
0x216c	sysstat-7.1.5	file_stats	464	cpu_user	U64	48	48
0x216c	sysstat-7.1.5	file_stats	464	cpu_nice	U64	64	64
0x216c	sysstat-7.1.5	file_stats	464	cpu_system	U64	80	80
0x216c	sysstat-7.1.5	file_stats	464	cpu_idle	U64	96	96
0x216c	sysstat-7.1.5	file_stats	464	cpu_iowait	U64	112	112
0x216c	sysstat-7.1.5	file_stats	464	cpu_steal	U64	128	128
0x216c	sysstat-7.1.5	file_stats	464	irq_sum	U64	144	144
0x216c	sysstat-7.1.5	file_stats	464	ust_time	CULong	160	160
0x216c	sysstat-7.1.5	file_stats	464	processes	CULong	168	168
0x216c	sysstat-7.1.5	file_stats	464	pgpgin	CULong	176	176
0x216c	sysstat-7.1.5	file_stats	464	pgpgout	CULong	184	184
0x216c	sysstat-7.1.5	file_stats	464	pswpin	CULong	192	192
0x216c	sysstat-7.1.5	file_stats	464	pswpout	CULong	200	200
0x216c	sysstat-7.1.5	file_stats	464	frmkb	CULong	208	208
0x216c	sysstat-7.1.5	file_stats	464	bufkb	CULong	216	216
0x216c	sysstat-7.1.5	file_stats	464	camkb	CULong	224	224
0x216c	sysstat-7.1.5	file_stats	464	tlmkb	CULong	232	232
0x216c	sysstat-7.1.5	file_stats	464	frskb	CULong	240	240
0x216c	sysstat-7.1.5	file_stats	464	tlskb	CULong	248	248
0x216c	sysstat-7.1.5	file_stats	464	caskb	CULong	256	256
0x216c	sysstat-7.1.5	file_stats	464	nr_running	CULong	264	264
0x216c	sysstat-7.1.5	file_stats	464	pgfault	CULong	272	272
0x216c	sysstat-7.1.5	file_stats	464	pgmajfault	CULong	280	280
0x216c	sysstat-7.1.5	file_stats	464	dk_drive	U32	288	288
0x216c	sysstat-7.1.5	file_stats	464	dk_drive_rio	U32	292	292
0x216c	sysstat-7.1.5	file_stats	464	dk_drive_wio	U32	296	296
0x216c	sysstat-7.1.5	file_stats	464	dk_drive_rblk	U32	300	300
0x216c	sysstat-7.1.5	file_stats	464	dk_drive_wblk	U32	304	304
0x216c	sysstat-7.1.5	file_stats	464	file_used	U32	308	308
0x216c	sysstat-7.1.5	file_stats	464	inode_used	U32	312	312
0x216c	sysstat-7.1.5	file_stats	464	super_used	U32	316	316
0x216c	sysstat-7.1.5	file_stats	464	super_max	U32	320	320
0x216c	sysstat-7.1.5	file_stats	464	dquot_used	U32	324	324
0x216c	sysstat-7.1.5	file_stats	464	dquot_max	U32	328	328
0x216c	sysstat-7.1.5	file_stats	464	rtsig_queued	U32	332	332
0x216c	sysstat-7.1.5	file_stats	464	rtsig_max	U32	336	336
0x216c	sysstat-7.1.5	file_stats	464	sock_inuse	U32	340	340
0x216c	sysstat-7.1.5	file_stats	464	tcp_inuse	U32	344	344
0x216c	sysstat-7.1.5	file_stats	464	udp_inuse	U32	348	348
0x216c	sysstat-7.1.5	file_stats	464	raw_inuse	U32	352	352
0x216c	sysstat-7.1.5	file_stats	464	frag_inuse	U32	356	356
0x216c	sysstat-7.1.5	file_stats	464	dentry_stat	U32	360	360
0x216c	sysstat-7.1.5	file_stats	464	load_avg_1	U32	364	364
0x216c	sysstat-7.1.5	file_stats	464	load_avg_5	U32	368	368
0x216c	sysstat-7.1.5	file_stats	464	load_avg_15	U32	372	372
0x216c	sysstat-7.1.5	file_stats	464	nr_threads	U32	376	376
0x216c	sysstat-7.1.5	file_stats	464	nfs_rpccnt	U32	380	380
0x216c	sysstat-7.1.5	file_stats	464	nfs_rpcretrans	U32	384	384
0x216c	sysstat-7.1.5	file_stats	464	nfs_readcnt	U32	388	388
0x216c	sysstat-7.1.5	file_stats	464	nfs_writecnt	U32	392	392
0x216c	sysstat-7.1.5	file_stats	464	nfs_accesscnt	U32	396	396
0x216c	sysstat-7.1.5	file_stats	464	nfs_getattcnt	U32	400	400
0x216c	sysstat-7.1.5	file_stats	464	nfsd_rpccnt	U32	404	404
0x216c	sysstat-7.1.5	file_stats	464	nfsd_rpcbad	U32	408	408
0x216c	sysstat-7.1.5	file_stats	464	nfsd_netcnt	U32	412	412
0x216c	sysstat-7.1.5	file_stats	464	nfsd_netudpcnt	U32	416	416
0x216c	sysstat-7.1.5	file_stats	464	nfsd_nettcpcnt	U32	420	420
0x216c	sysstat-7.1.5	file_stats	464	nfsd_rchits	U32	424	424
0x216c	sysstat-7.1.5	file_stats	464	nfsd_rcmisses	U32	428	428
0x216c	sysstat-7.1.5	file_stats	464	nfsd_readcnt	U32	432	432
0x216c	sysstat-7.1.5	file_stats	464	nfsd_writecnt	U32	436	436
0x216c	sysstat-7.1.5	file_stats	464	nfsd_accesscnt	U32	440	440
0x216c	sysstat-7.1.5	file_stats	464	nfsd_getattcnt	U32	444	444
0x216c	sysstat-7.1.5	file_stats	464	record_type	U8	448	448
0x216c	sysstat-7.1.5	file_stats	464	hour	U8	449	449
0x216c	sysstat-7.1.5	file_stats	464	minute	U8	450	450
0x216c	sysstat-7.1.5	file_stats	464	second	U8	451	451
0x216c	sysstat-7.1.5	stats_one_cpu	96	per_cpu_idle	U64	0	0
0x216c	sysstat-7.1.5	stats_one_cpu	96	per_cpu_iowait	U64	16	16
0x216c	sysstat-7.1.5	stats_one_cpu	96	per_cpu_user	U64	32	32
0x216c	sysstat-7.1.5	stats_one_cpu	96	per_cpu_nice	U64	48	48
0x216c	sysstat-7.1.5	stats_one_cpu	96	per_cpu_system	U64	64	64
0x216c	sysstat-7.1.5	stats_one_cpu	96	per_cpu_steal	U64	80	80
0x216c	sysstat-7.1.5	stats_serial	28	rx	U32	0	0
0x216c	sysstat-7.1.5	stats_serial	28	tx	U32	4	4
0x216c	sysstat-7.1.5	stats_serial	28	frame	U32	8	8
0x216c	sysstat-7.1.5	stats_serial	28	parity	U32	12	12
0x216c	sysstat-7.1.5	stats_serial	28	brk	U32	16	16
0x216c	sysstat-7.1.5	stats_serial	28	overrun	U32	20	20
0x216c	sysstat-7.1.5	stats_serial	28	line	U32	24	24
0x216c	sysstat-7.1.5	stats_net_dev	144	rx_packets	CULong	0	0
0x216c	sysstat-7.1.5	stats_net_dev	144	tx_packets	CULong	8	8
0x216c	sysstat-7.1.5	stats_net_dev	144	rx_bytes	CULong	16	16
0x216c	sysstat-7.1.5	stats_net_dev	144	tx_bytes	CULong	24	24
0x216c	sysstat-7.1.5	stats_net_dev	144	rx_compressed	CULong	32	32
0x216c	sysstat-7.1.5	stats_net_dev	144	tx_compressed	CULong	40	40
0x216c	sysstat-7.1.5	stats_net_dev	144	multicast	CULong	48	48
0x216c	sysstat-7.1.5	stats_net_dev	144	collisions	CULong	56	56
0x216c	sysstat-7.1.5	stats_net_dev	144	rx_errors	CULong	64	64
0x216c	sysstat-7.1.5	stats_net_dev	144	tx_errors	CULong	72	72
0x216c	sysstat-7.1.5	stats_net_dev	144	rx_dropped	CULong	80	80
0x216c	sysstat-7.1.5	stats_net_dev	144	tx_dropped	CULong	88	88
0x216c	sysstat-7.1.5	stats_net_dev	144	rx_fifo_errors	CULong	96	96
0x216c	sysstat-7.1.5	stats_net_dev	144	tx_fifo_errors	CULong	104	104
0x216c	sysstat-7.1.5	stats_net_dev	144	rx_frame_errors	CULong	112	112
0x216c	sysstat-7.1.5	stats_net_dev	144	tx_carrier_errors	CULong	120	120
0x216c	sysstat-7.1.5	stats_net_dev	144	interface	Bytes(16)	128	128
0x216c	sysstat-7.1.5	stats_irq_cpu	8	interrupt	U32	0	0
0x216c	sysstat-7.1.5	stats_irq_cpu	8	irq	U32	4	4
0x216c	sysstat-7.1.5	disk_stats	80	rd_sect	U64	0	0
0x216c	sysstat-7.1.5	disk_stats	80	wr_sect	U64	16	16
0x216c	sysstat-7.1.5	disk_stats	80	rd_ticks	CULong	32	32
0x216c	sysstat-7.1.5	disk_stats	80	wr_ticks	CULong	40	40
0x216c	sysstat-7.1.5	disk_stats	80	tot_ticks	CULong	48	48
0x216c	sysstat-7.1.5	disk_stats	80	rq_ticks	CULong	56	56
0x216c	sysstat-7.1.5	disk_stats	80	nr_ios	CULong	64	64
0x216c	sysstat-7.1.5	disk_stats	80	major	U32	72	72
0x216c	sysstat-7.1.5	disk_stats	80	minor	U32	76	76
0x216c	sysstat-7.1.5	file_comment	240	comment	Bytes(64)	168	164
0x216d	sysstat-7.1.6	file_hdr	240	sa_ust_time	CULong	0	0
0x216d	sysstat-7.1.6	file_hdr	240	sa_actflag	U32	8	8
0x216d	sysstat-7.1.6	file_hdr	240	sa_irqcpu	U32	12	12
0x216d	sysstat-7.1.6	file_hdr	240	sa_nr_disk	U32	16	16
0x216d	sysstat-7.1.6	file_hdr	240	sa_proc	U32	20	20
0x216d	sysstat-7.1.6	file_hdr	240	sa_serial	U32	24	24
0x216d	sysstat-7.1.6	file_hdr	240	sa_iface	U32	28	28
0x216d	sysstat-7.1.6	file_hdr	240	sa_magic	U16	32	32
0x216d	sysstat-7.1.6	file_hdr	240	sa_st_size	U16	34	34
0x216d	sysstat-7.1.6	file_hdr	240	sa_day	U8	36	36
0x216d	sysstat-7.1.6	file_hdr	240	sa_month	U8	37	37
0x216d	sysstat-7.1.6	file_hdr	240	sa_year	U8	38	38
0x216d	sysstat-7.1.6	file_hdr	240	sa_sizeof_long	U8	39	39
0x216d	sysstat-7.1.6	file_hdr	240	sa_sysname	Bytes(65)	40	40
0x216d	sysstat-7.1.6	file_hdr	240	sa_nodename	Bytes(65)	105	105
0x216d	sysstat-7.1.6	file_hdr	240	sa_release	Bytes(65)	170	170
0x216d	sysstat-7.1.6	file_stats	496	uptime	U64	0	0
0x216d	sysstat-7.1.6	file_stats	496	uptime0	U64	16	16
0x216d	sysstat-7.1.6	file_stats	496	context_swtch	U64	32	32
0x216d	sysstat-7.1.6	file_stats	496	cpu_user	U64	48	48
0x216d	sysstat-7.1.6	file_stats	496	cpu_nice	U64	64	64
0x216d	sysstat-7.1.6	file_stats	496	cpu_system	U64	80	80
0x216d	sysstat-7.1.6	file_stats	496	cpu_idle	U64	96	96
0x216d	sysstat-7.1.6	file_stats	496	cpu_iowait	U64	112	112
0x216d	sysstat-7.1.6	file_stats	496	cpu_steal	U64	128	128
0x216d	sysstat-7.1.6	file_stats	496	irq_sum	U64	144	144
0x216d	sysstat-7.1.6	file_stats	496	ust_time	CULong	160	160
0x216d	sysstat-7.1.6	file_stats	496	processes	CULong	168	168
0x216d	sysstat-7.1.6	file_stats	496	pgpgin	CULong	176	176
0x216d	sysstat-7.1.6	file_stats	496	pgpgout	CULong	184	184
0x216d	sysstat-7.1.6	file_stats	496	pswpin	CULong	192	192
0x216d	sysstat-7.1.6	file_stats	496	pswpout	CULong	200	200
0x216d	sysstat-7.1.6	file_stats	496	frmkb	CULong	208	208
0x216d	sysstat-7.1.6	file_stats	496	bufkb	CULong	216	216
0x216d	sysstat-7.1.6	file_stats	496	camkb	CULong	224	224
0x216d	sysstat-7.1.6	file_stats	496	tlmkb	CULong	232	232
0x216d	sysstat-7.1.6	file_stats	496	frskb	CULong	240	240
0x216d	sysstat-7.1.6	file_stats	496	tlskb	CULong	248	248
0x216d	sysstat-7.1.6	file_stats	496	caskb	CULong	256	256
0x216d	sysstat-7.1.6	file_stats	496	nr_running	CULong	264	264
0x216d	sysstat-7.1.6	file_stats	496	pgfault	CULong	272	272
0x216d	sysstat-7.1.6	file_stats	496	pgmajfault	CULong	280	280
0x216d	sysstat-7.1.6	file_stats	496	pgfree	CULong	288	288
0x216d	sysstat-7.1.6	file_stats	496	pgscan_kswapd	CULong	296	296
0x216d	sysstat-7.1.6	file_stats	496	pgscan_direct	CULong	304	304
0x216d	sysstat-7.1.6	file_stats	496	pgsteal	CULong	312	312
0x216d	sysstat-7.1.6	file_stats	496	dk_drive	U32	320	320
0x216d	sysstat-7.1.6	file_stats	496	dk_drive_rio	U32	324	324
0x216d	sysstat-7.1.6	file_stats	496	dk_drive_wio	U32	328	328
0x216d	sysstat-7.1.6	file_stats	496	dk_drive_rblk	U32	332	332
0x216d	sysstat-7.1.6	file_stats	496	dk_drive_wblk	U32	336	336
0x216d	sysstat-7.1.6	file_stats	496	file_used	U32	340	340
0x216d	sysstat-7.1.6	file_stats	496	inode_used	U32	344	344
0x216d	sysstat-7.1.6	file_stats	496	super_used	U32	348	348
0x216d	sysstat-7.1.6	file_stats	496	super_max	U32	352	352
0x216d	sysstat-7.1.6	file_stats	496	dquot_used	U32	356	356
0x216d	sysstat-7.1.6	file_stats	496	dquot_max	U32	360	360
0x216d	sysstat-7.1.6	file_stats	496	rtsig_queued	U32	364	364
0x216d	sysstat-7.1.6	file_stats	496	rtsig_max	U32	368	368
0x216d	sysstat-7.1.6	file_stats	496	sock_inuse	U32	372	372
0x216d	sysstat-7.1.6	file_stats	496	tcp_inuse	U32	376	376
0x216d	sysstat-7.1.6	file_stats	496	udp_inuse	U32	380	380
0x216d	sysstat-7.1.6	file_stats	496	raw_inuse	U32	384	384
0x216d	sysstat-7.1.6	file_stats	496	frag_inuse	U32	388	388
0x216d	sysstat-7.1.6	file_stats	496	dentry_stat	U32	392	392
0x216d	sysstat-7.1.6	file_stats	496	load_avg_1	U32	396	396
0x216d	sysstat-7.1.6	file_stats	496	load_avg_5	U32	400	400
0x216d	sysstat-7.1.6	file_stats	496	load_avg_15	U32	404	404
0x216d	sysstat-7.1.6	file_stats	496	nr_threads	U32	408	408
0x216d	sysstat-7.1.6	file_stats	496	nfs_rpccnt	U32	412	412
0x216d	sysstat-7.1.6	file_stats	496	nfs_rpcretrans	U32	416	416
0x216d	sysstat-7.1.6	file_stats	496	nfs_readcnt	U32	420	420
0x216d	sysstat-7.1.6	file_stats	496	nfs_writecnt	U32	424	424
0x216d	sysstat-7.1.6	file_stats	496	nfs_accesscnt	U32	428	428
0x216d	sysstat-7.1.6	file_stats	496	nfs_getattcnt	U32	432	432
0x216d	sysstat-7.1.6	file_stats	496	nfsd_rpccnt	U32	436	436
0x216d	sysstat-7.1.6	file_stats	496	nfsd_rpcbad	U32	440	440
0x216d	sysstat-7.1.6	file_stats	496	nfsd_netcnt	U32	444	444
0x216d	sysstat-7.1.6	file_stats	496	nfsd_netudpcnt	U32	448	448
0x216d	sysstat-7.1.6	file_stats	496	nfsd_nettcpcnt	U32	452	452
0x216d	sysstat-7.1.6	file_stats	496	nfsd_rchits	U32	456	456
0x216d	sysstat-7.1.6	file_stats	496	nfsd_rcmisses	U32	460	460
0x216d	sysstat-7.1.6	file_stats	496	nfsd_readcnt	U32	464	464
0x216d	sysstat-7.1.6	file_stats	496	nfsd_writecnt	U32	468	468
0x216d	sysstat-7.1.6	file_stats	496	nfsd_accesscnt	U32	472	472
0x216d	sysstat-7.1.6	file_stats	496	nfsd_getattcnt	U32	476	476
0x216d	sysstat-7.1.6	file_stats	496	record_type	U8	480	480
0x216d	sysstat-7.1.6	file_stats	496	hour	U8	481	481
0x216d	sysstat-7.1.6	file_stats	496	minute	U8	482	482
0x216d	sysstat-7.1.6	file_stats	496	second	U8	483	483
0x216d	sysstat-7.1.6	stats_one_cpu	96	per_cpu_idle	U64	0	0
0x216d	sysstat-7.1.6	stats_one_cpu	96	per_cpu_iowait	U64	16	16
0x216d	sysstat-7.1.6	stats_one_cpu	96	per_cpu_user	U64	32	32
0x216d	sysstat-7.1.6	stats_one_cpu	96	per_cpu_nice	U64	48	48
0x216d	sysstat-7.1.6	stats_one_cpu	96	per_cpu_system	U64	64	64
0x216d	sysstat-7.1.6	stats_one_cpu	96	per_cpu_steal	U64	80	80
0x216d	sysstat-7.1.6	stats_serial	28	rx	U32	0	0
0x216d	sysstat-7.1.6	stats_serial	28	tx	U32	4	4
0x216d	sysstat-7.1.6	stats_serial	28	frame	U32	8	8
0x216d	sysstat-7.1.6	stats_serial	28	parity	U32	12	12
0x216d	sysstat-7.1.6	stats_serial	28	brk	U32	16	16
0x216d	sysstat-7.1.6	stats_serial	28	overrun	U32	20	20
0x216d	sysstat-7.1.6	stats_serial	28	line	U32	24	24
0x216d	sysstat-7.1.6	stats_net_dev	144	rx_packets	CULong	0	0
0x216d	sysstat-7.1.6	stats_net_dev	144	tx_packets	CULong	8	8
0x216d	sysstat-7.1.6	stats_net_dev	144	rx_bytes	CULong	16	16
0x216d	sysstat-7.1.6	stats_net_dev	144	tx_bytes	CULong	24	24
0x216d	sysstat-7.1.6	stats_net_dev	144	rx_compressed	CULong	32	32
0x216d	sysstat-7.1.6	stats_net_dev	144	tx_compressed	CULong	40	40
0x216d	sysstat-7.1.6	stats_net_dev	144	multicast	CULong	48	48
0x216d	sysstat-7.1.6	stats_net_dev	144	collisions	CULong	56	56
0x216d	sysstat-7.1.6	stats_net_dev	144	rx_errors	CULong	64	64
0x216d	sysstat-7.1.6	stats_net_dev	144	tx_errors	CULong	72	72
0x216d	sysstat-7.1.6	stats_net_dev	144	rx_dropped	CULong	80	80
0x216d	sysstat-7.1.6	stats_net_dev	144	tx_dropped	CULong	88	88
0x216d	sysstat-7.1.6	stats_net_dev	144	rx_fifo_errors	CULong	96	96
0x216d	sysstat-7.1.6	stats_net_dev	144	tx_fifo_errors	CULong	104	104
0x216d	sysstat-7.1.6	stats_net_dev	144	rx_frame_errors	CULong	112	112
0x216d	sysstat-7.1.6	stats_net_dev	144	tx_carrier_errors	CULong	120	120
0x216d	sysstat-7.1.6	stats_net_dev	144	interface	Bytes(16)	128	128
0x216d	sysstat-7.1.6	stats_irq_cpu	8	interrupt	U32	0	0
0x216d	sysstat-7.1.6	stats_irq_cpu	8	irq	U32	4	4
0x216d	sysstat-7.1.6	disk_stats	80	rd_sect	U64	0	0
0x216d	sysstat-7.1.6	disk_stats	80	wr_sect	U64	16	16
0x216d	sysstat-7.1.6	disk_stats	80	rd_ticks	CULong	32	32
0x216d	sysstat-7.1.6	disk_stats	80	wr_ticks	CULong	40	40
0x216d	sysstat-7.1.6	disk_stats	80	tot_ticks	CULong	48	48
0x216d	sysstat-7.1.6	disk_stats	80	rq_ticks	CULong	56	56
0x216d	sysstat-7.1.6	disk_stats	80	nr_ios	CULong	64	64
0x216d	sysstat-7.1.6	disk_stats	80	major	U32	72	72
0x216d	sysstat-7.1.6	disk_stats	80	minor	U32	76	76
0x216d	sysstat-7.1.6	file_comment	240	comment	Bytes(64)	168	164
0x216e	sysstat-8.0.0	file_hdr	240	sa_ust_time	CULong	0	0
0x216e	sysstat-8.0.0	file_hdr	240	sa_actflag	U32	8	8
0x216e	sysstat-8.0.0	file_hdr	240	sa_irqcpu	U32	12	12
0x216e	sysstat-8.0.0	file_hdr	240	sa_nr_disk	U32	16	16
0x216e	sysstat-8.0.0	file_hdr	240	sa_proc	U32	20	20
0x216e	sysstat-8.0.0	file_hdr	240	sa_serial	U32	24	24
0x216e	sysstat-8.0.0	file_hdr	240	sa_iface	U32	28	28
0x216e	sysstat-8.0.0	file_hdr	240	sa_magic	U16	32	32
0x216e	sysstat-8.0.0	file_hdr	240	sa_st_size	U16	34	34
0x216e	sysstat-8.0.0	file_hdr	240	sa_day	U8	36	36
0x216e	sysstat-8.0.0	file_hdr	240	sa_month	U8	37	37
0x216e	sysstat-8.0.0	file_hdr	240	sa_year	U8	38	38
0x216e	sysstat-8.0.0	file_hdr	240	sa_sizeof_long	U8	39	39
0x216e	sysstat-8.0.0	file_hdr	240	sa_sysname	Bytes(65)	40	40
0x216e	sysstat-8.0.0	file_hdr	240	sa_nodename	Bytes(65)	105	105
0x216e	sysstat-8.0.0	file_hdr	240	sa_release	Bytes(65)	170	170
0x216e	sysstat-8.0.0	file_stats	480	uptime	U64	0	0
0x216e	sysstat-8.0.0	file_stats	480	uptime0	U64	16	16
0x216e	sysstat-8.0.0	file_stats	480	context_swtch	U64	32	32
0x216e	sysstat-8.0.0	file_stats	480	cpu_user	U64	48	48
0x216e	sysstat-8.0.0	file_stats	480	cpu_nice	U64	64	64
0x216e	sysstat-8.0.0	file_stats	480	cpu_system	U64	80	80
0x216e	sysstat-8.0.0	file_stats	480	cpu_idle	U64	96	96
0x216e	sysstat-8.0.0	file_stats	480	cpu_iowait	U64	112	112
0x216e	sysstat-8.0.0	file_stats	480	cpu_steal	U64	128	128
0x216e	sysstat-8.0.0	file_stats	480	irq_sum	U64	144	144
0x216e	sysstat-8.0.0	file_stats	480	ust_time	CULong	160	160
0x216e	sysstat-8.0.0	file_stats	480	processes	CULong	168	168
0x216e	sysstat-8.0.0	file_stats	480	pgpgin	CULong	176	176
0x216e	sysstat-8.0.0	file_stats	480	pgpgout	CULong	184	184
0x216e	sysstat-8.0.0	file_stats	480	pswpin	CULong	192	192
0x216e	sysstat-8.0.0	file_stats	480	pswpout	CULong	200	200
0x216e	sysstat-8.0.0	file_stats	480	frmkb	CULong	208	208
0x216e	sysstat-8.0.0	file_stats	480	bufkb	CULong	216	216
0x216e	sysstat-8.0.0	file_stats	480	camkb	CULong	224	224
0x216e	sysstat-8.0.0	file_stats	480	tlmkb	CULong	232	232
0x216e	sysstat-8.0.0	file_stats	480	frskb	CULong	240	240
0x216e	sysstat-8.0.0	file_stats	480	tlskb	CULong	248	248
0x216e	sysstat-8.0.0	file_stats	480	caskb	CULong	256	256
0x216e	sysstat-8.0.0	file_stats	480	nr_running	CULong	264	264
0x216e	sysstat-8.0.0	file_stats	480	pgfault	CULong	272	272
0x216e	sysstat-8.0.0	file_stats	480	pgmajfault	CULong	280	280
0x216e	sysstat-8.0.0	file_stats	480	pgfree	CULong	288	288
0x216e	sysstat-8.0.0	file_stats	480	pgscan_kswapd	CULong	296	296
0x216e	sysstat-8.0.0	file_stats	480	pgscan_direct	CULong	304	304
0x216e	sysstat-8.0.0	file_stats	480	pgsteal	CULong	312	312
0x216e	sysstat-8.0.0	file_stats	480	dk_drive	U32	320	320
0x216e	sysstat-8.0.0	file_stats	480	dk_drive_rio	U32	324	324
0x216e	sysstat-8.0.0	file_stats	480	dk_drive_wio	U32	328	328
0x216e	sysstat-8.0.0	file_stats	480	dk_drive_rblk	U32	332	332
0x216e	sysstat-8.0.0	file_stats	480	dk_drive_wblk	U32	336	336
0x216e	sysstat-8.0.0	file_stats	480	file_used	U32	340	340
0x216e	sysstat-8.0.0	file_stats	480	inode_used	U32	344	344
0x216e	sysstat-8.0.0	file_stats	480	sock_inuse	U32	348	348
0x216e	sysstat-8.0.0	file_stats	480	tcp_inuse	U32	352	352
0x216e	sysstat-8.0.0	file_stats	480	tcp_tw	U32	356	356
0x216e	sysstat-8.0.0	file_stats	480	udp_inuse	U32	360	360
0x216e	sysstat-8.0.0	file_stats	480	raw_inuse	U32	364	364
0x216e	sysstat-8.0.0	file_stats	480	frag_inuse	U32	368	368
0x216e	sysstat-8.0.0	file_stats	480	dentry_stat	U32	372	372
0x216e	sysstat-8.0.0	file_stats	480	pty_nr	U32	376	376
0x216e	sysstat-8.0.0	file_stats	480	load_avg_1	U32	380	380
0x216e	sysstat-8.0.0	file_stats	480	load_avg_5	U32	384	384
0x216e	sysstat-8.0.0	file_stats	480	load_avg_15	U32	388	388
0x216e	sysstat-8.0.0	file_stats	480	nr_threads	U32	392	392
0x216e	sysstat-8.0.0	file_stats	480	nfs_rpccnt	U32	396	396
0x216e	sysstat-8.0.0	file_stats	480	nfs_rpcretrans	U32	400	400
0x216e	sysstat-8.0.0	file_stats	480	nfs_readcnt	U32	404	404
0x216e	sysstat-8.0.0	file_stats	480	nfs_writecnt	U32	408	408
0x216e	sysstat-8.0.0	file_stats	480	nfs_accesscnt	U32	412	412
0x216e	sysstat-8.0.0	file_stats	480	nfs_getattcnt	U32	416	416
0x216e	sysstat-8.0.0	file_stats	480	nfsd_rpccnt	U32	420	420
0x216e	sysstat-8.0.0	file_stats	480	nfsd_rpcbad	U32	424	424
0x216e	sysstat-8.0.0	file_stats	480	nfsd_netcnt	U32	428	428
0x216e	sysstat-8.0.0	file_stats	480	nfsd_netudpcnt	U32	432	432
0x216e	sysstat-8.0.0	file_stats	480	nfsd_nettcpcnt	U32	436	436
0x216e	sysstat-8.0.0	file_stats	480	nfsd_rchits	U32	440	440
0x216e	sysstat-8.0.0	file_stats	480	nfsd_rcmisses	U32	444	444
0x216e	sysstat-8.0.0	file_stats	480	nfsd_readcnt	U32	448	448
0x216e	sysstat-8.0.0	file_stats	480	nfsd_writecnt	U32	452	452
0x216e	sysstat-8.0.0	file_stats	480	nfsd_accesscnt	U32	456	456
0x216e	sysstat-8.0.0	file_stats	480	nfsd_getattcnt	U32	460	460
0x216e	sysstat-8.0.0	file_stats	480	record_type	U8	464	464
0x216e	sysstat-8.0.0	file_stats	480	hour	U8	465	465
0x216e	sysstat-8.0.0	file_stats	480	minute	U8	466	466
0x216e	sysstat-8.0.0	file_stats	480	second	U8	467	467
0x216e	sysstat-8.0.0	stats_one_cpu	96	per_cpu_idle	U64	0	0
0x216e	sysstat-8.0.0	stats_one_cpu	96	per_cpu_iowait	U64	16	16
0x216e	sysstat-8.0.0	stats_one_cpu	96	per_cpu_user	U64	32	32
0x216e	sysstat-8.0.0	stats_one_cpu	96	per_cpu_nice	U64	48	48
0x216e	sysstat-8.0.0	stats_one_cpu	96	per_cpu_system	U64	64	64
0x216e	sysstat-8.0.0	stats_one_cpu	96	per_cpu_steal	U64	80	80
0x216e	sysstat-8.0.0	stats_serial	28	rx	U32	0	0
0x216e	sysstat-8.0.0	stats_serial	28	tx	U32	4	4
0x216e	sysstat-8.0.0	stats_serial	28	frame	U32	8	8
0x216e	sysstat-8.0.0	stats_serial	28	parity	U32	12	12
0x216e	sysstat-8.0.0	stats_serial	28	brk	U32	16	16
0x216e	sysstat-8.0.0	stats_serial	28	overrun	U32	20	20
0x216e	sysstat-8.0.0	stats_serial	28	line	U32	24	24
0x216e	sysstat-8.0.0	stats_net_dev	144	rx_packets	CULong	0	0
0x216e	sysstat-8.0.0	stats_net_dev	144	tx_packets	CULong	8	8
0x216e	sysstat-8.0.0	stats_net_dev	144	rx_bytes	CULong	16	16
0x216e	sysstat-8.0.0	stats_net_dev	144	tx_bytes	CULong	24	24
0x216e	sysstat-8.0.0	stats_net_dev	144	rx_compressed	CULong	32	32
0x216e	sysstat-8.0.0	stats_net_dev	144	tx_compressed	CULong	40	40
0x216e	sysstat-8.0.0	stats_net_dev	144	multicast	CULong	48	48
0x216e	sysstat-8.0.0	stats_net_dev	144	collisions	CULong	56	56
0x216e	sysstat-8.0.0	stats_net_dev	144	rx_errors	CULong	64	64
0x216e	sysstat-8.0.0	stats_net_dev	144	tx_errors	CULong	72	72
0x216e	sysstat-8.0.0	stats_net_dev	144	rx_dropped	CULong	80	80
0x216e	sysstat-8.0.0	stats_net_dev	144	tx_dropped	CULong	88	88
0x216e	sysstat-8.0.0	stats_net_dev	144	rx_fifo_errors	CULong	96	96
0x216e	sysstat-8.0.0	stats_net_dev	144	tx_fifo_errors	CULong	104	104
0x216e	sysstat-8.0.0	stats_net_dev	144	rx_frame_errors	CULong	112	112
0x216e	sysstat-8.0.0	stats_net_dev	144	tx_carrier_errors	CULong	120	120
0x216e	sysstat-8.0.0	stats_net_dev	144	interface	Bytes(16)	128	128
0x216e	sysstat-8.0.0	stats_irq_cpu	8	interrupt	U32	0	0
0x216e	sysstat-8.0.0	stats_irq_cpu	8	irq	U32	4	4
0x216e	sysstat-8.0.0	disk_stats	80	rd_sect	U64	0	0
0x216e	sysstat-8.0.0	disk_stats	80	wr_sect	U64	16	16
0x216e	sysstat-8.0.0	disk_stats	80	rd_ticks	CULong	32	32
0x216e	sysstat-8.0.0	disk_stats	80	wr_ticks	CULong	40	40
0x216e	sysstat-8.0.0	disk_stats	80	tot_ticks	CULong	48	48
0x216e	sysstat-8.0.0	disk_stats	80	rq_ticks	CULong	56	56
0x216e	sysstat-8.0.0	disk_stats	80	nr_ios	CULong	64	64
0x216e	sysstat-8.0.0	disk_stats	80	major	U32	72	72
0x216e	sysstat-8.0.0	disk_stats	80	minor	U32	76	76
0x216e	sysstat-8.0.0	file_comment	240	comment	Bytes(64)	168	164
0x216f	sysstat-8.1.1	file_hdr	304	sa_ust_time	CULong	0	0
0x216f	sysstat-8.1.1	file_hdr	304	sa_actflag	U32	8	8
0x216f	sysstat-8.1.1	file_hdr	304	sa_irqcpu	U32	12	12
0x216f	sysstat-8.1.1	file_hdr	304	sa_nr_disk	U32	16	16
0x216f	sysstat-8.1.1	file_hdr	304	sa_proc	U32	20	20
0x216f	sysstat-8.1.1	file_hdr	304	sa_serial	U32	24	24
0x216f	sysstat-8.1.1	file_hdr	304	sa_iface	U32	28	28
0x216f	sysstat-8.1.1	file_hdr	304	sa_st_size	U16	32	32
0x216f	sysstat-8.1.1	file_hdr	304	sa_day	U8	34	34
0x216f	sysstat-8.1.1	file_hdr	304	sa_month	U8	35	35
0x216f	sysstat-8.1.1	file_hdr	304	sa_year	U8	36	36
0x216f	sysstat-8.1.1	file_hdr	304	sa_sizeof_long	U8	37	37
0x216f	sysstat-8.1.1	file_hdr	304	sa_sysname	Bytes(65)	38	38
0x216f	sysstat-8.1.1	file_hdr	304	sa_nodename	Bytes(65)	103	103
0x216f	sysstat-8.1.1	file_hdr	304	sa_release	Bytes(65)	168	168
0x216f	sysstat-8.1.1	file_hdr	304	sa_machine	Bytes(65)	233	233
0x216f	sysstat-8.1.1	file_stats	528	uptime	U64	0	0
0x216f	sysstat-8.1.1	file_stats	528	uptime0	U64	16	16
0x216f	sysstat-8.1.1	file_stats	528	context_swtch	U64	32	32
0x216f	sysstat-8.1.1	file_stats	528	cpu_user	U64	48	48
0x216f	sysstat-8.1.1	file_stats	528	cpu_nice	U64	64	64
0x216f	sysstat-8.1.1	file_stats	528	cpu_system	U64	80	80
0x216f	sysstat-8.1.1	file_stats	528	cpu_idle	U64	96	96
0x216f	sysstat-8.1.1	file_stats	528	cpu_iowait	U64	112	112
0x216f	sysstat-8.1.1	file_stats	528	cpu_steal	U64	128	128
0x216f	sysstat-8.1.1	file_stats	528	reserved_1	U64	144	144
0x216f	sysstat-8.1.1	file_stats	528	reserved_2	U64	160	160
0x216f	sysstat-8.1.1	file_stats	528	reserved_3	U64	176	176
0x216f	sysstat-8.1.1	file_stats	528	irq_sum	U64	192	192
0x216f	sysstat-8.1.1	file_stats	528	ust_time	CULong	208	208
0x216f	sysstat-8.1.1	file_stats	528	processes	CULong	216	216
0x216f	sysstat-8.1.1	file_stats	528	pgpgin	CULong	224	224
0x216f	sysstat-8.1.1	file_stats	528	pgpgout	CULong	232	232
0x216f	sysstat-8.1.1	file_stats	528	pswpin	CULong	240	240
0x216f	sysstat-8.1.1	file_stats	528	pswpout	CULong	248	248
0x216f	sysstat-8.1.1	file_stats	528	frmkb	CULong	256	256
0x216f	sysstat-8.1.1	file_stats	528	bufkb	CULong	264	264
0x216f	sysstat-8.1.1	file_stats	528	camkb	CULong	272	272
0x216f	sysstat-8.1.1	file_stats	528	tlmkb	CULong	280	280
0x216f	sysstat-8.1.1	file_stats	528	frskb	CULong	288	288
0x216f	sysstat-8.1.1	file_stats	528	tlskb	CULong	296	296
0x216f	sysstat-8.1.1	file_stats	528	caskb	CULong	304	304
0x216f	sysstat-8.1.1	file_stats	528	reserved_4	CULong	312	312
0x216f	sysstat-8.1.1	file_stats	528	nr_running	CULong	320	320
0x216f	sysstat-8.1.1	file_stats	528	pgfault	CULong	328	328
0x216f	sysstat-8.1.1	file_stats	528	pgmajfault	CULong	336	336
0x216f	sysstat-8.1.1	file_stats	528	pgfree	CULong	344	344
0x216f	sysstat-8.1.1	file_stats	528	pgscan_kswapd	CULong	352	352
0x216f	sysstat-8.1.1	file_stats	528	pgscan_direct	CULong	360	360
0x216f	sysstat-8.1.1	file_stats	528	pgsteal	CULong	368	368
0x216f	sysstat-8.1.1	file_stats	528	dk_drive	U32	376	376
0x216f	sysstat-8.1.1	file_stats	528	dk_drive_rio	U32	380	380
0x216f	sysstat-8.1.1	file_stats	528	dk_drive_wio	U32	384	384
0x216f	sysstat-8.1.1	file_stats	528	dk_drive_rblk	U32	388	388
0x216f	sysstat-8.1.1	file_stats	528	dk_drive_wblk	U32	392	392
0x216f	sysstat-8.1.1	file_stats	528	file_used	U32	396	396
0x216f	sysstat-8.1.1	file_stats	528	inode_used	U32	400	400
0x216f	sysstat-8.1.1	file_stats	528	sock_inuse	U32	404	404
0x216f	sysstat-8.1.1	file_stats	528	tcp_inuse	U32	408	408
0x216f	sysstat-8.1.1	file_stats	528	tcp_tw	U32	412	412
0x216f	sysstat-8.1.1	file_stats	528	udp_inuse	U32	416	416
0x216f	sysstat-8.1.1	file_stats	528	raw_inuse	U32	420	420
0x216f	sysstat-8.1.1	file_stats	528	frag_inuse	U32	424	424
0x216f	sysstat-8.1.1	file_stats	528	dentry_stat	U32	428	428
0x216f	sysstat-8.1.1	file_stats	528	pty_nr	U32	432	432
0x216f	sysstat-8.1.1	file_stats	528	load_avg_1	U32	436	436
0x216f	sysstat-8.1.1	file_stats	528	load_avg_5	U32	440	440
0x216f	sysstat-8.1.1	file_stats	528	load_avg_15	U32	444	444
0x216f	sysstat-8.1.1	file_stats	528	nr_threads	U32	448	448
0x216f	sysstat-8.1.1	file_stats	528	nfs_rpccnt	U32	452	452
0x216f	sysstat-8.1.1	file_stats	528	nfs_rpcretrans	U32	456	456
0x216f	sysstat-8.1.1	file_stats	528	nfs_readcnt	U32	460	460
0x216f	sysstat-8.1.1	file_stats	528	nfs_writecnt	U32	464	464
0x216f	sysstat-8.1.1	file_stats	528	nfs_accesscnt	U32	468	468
0x216f	sysstat-8.1.1	file_stats	528	nfs_getattcnt	U32	472	472
0x216f	sysstat-8.1.1	file_stats	528	nfsd_rpccnt	U32	476	476
0x216f	sysstat-8.1.1	file_stats	528	nfsd_rpcbad	U32	480	480
0x216f	sysstat-8.1.1	file_stats	528	nfsd_netcnt	U32	484	484
0x216f	sysstat-8.1.1	file_stats	528	nfsd_netudpcnt	U32	488	488
0x216f	sysstat-8.1.1	file_stats	528	nfsd_nettcpcnt	U32	492	492
0x216f	sysstat-8.1.1	file_stats	528	nfsd_rchits	U32	496	496
0x216f	sysstat-8.1.1	file_stats	528	nfsd_rcmisses	U32	500	500
0x216f	sysstat-8.1.1	file_stats	528	nfsd_readcnt	U32	504	504
0x216f	sysstat-8.1.1	file_stats	528	nfsd_writecnt	U32	508	508
0x216f	sysstat-8.1.1	file_stats	528	nfsd_accesscnt	U32	512	512
0x216f	sysstat-8.1.1	file_stats	528	nfsd_getattcnt	U32	516	516
0x216f	sysstat-8.1.1	file_stats	528	record_type	U8	520	520
0x216f	sysstat-8.1.1	file_stats	528	hour	U8	521	521
0x216f	sysstat-8.1.1	file_stats	528	minute	U8	522	522
0x216f	sysstat-8.1.1	file_stats	528	second	U8	523	523
0x216f	sysstat-8.1.1	stats_one_cpu	96	per_cpu_idle	U64	0	0
0x216f	sysstat-8.1.1	stats_one_cpu	96	per_cpu_iowait	U64	16	16
0x216f	sysstat-8.1.1	stats_one_cpu	96	per_cpu_user	U64	32	32
0x216f	sysstat-8.1.1	stats_one_cpu	96	per_cpu_nice	U64	48	48
0x216f	sysstat-8.1.1	stats_one_cpu	96	per_cpu_system	U64	64	64
0x216f	sysstat-8.1.1	stats_one_cpu	96	per_cpu_steal	U64	80	80
0x216f	sysstat-8.1.1	stats_serial	28	rx	U32	0	0
0x216f	sysstat-8.1.1	stats_serial	28	tx	U32	4	4
0x216f	sysstat-8.1.1	stats_serial	28	frame	U32	8	8
0x216f	sysstat-8.1.1	stats_serial	28	parity	U32	12	12
0x216f	sysstat-8.1.1	stats_serial	28	brk	U32	16	16
0x216f	sysstat-8.1.1	stats_serial	28	overrun	U32	20	20
0x216f	sysstat-8.1.1	stats_serial	28	line	U32	24	24
0x216f	sysstat-8.1.1	stats_net_dev	144	rx_packets	CULong	0	0
0x216f	sysstat-8.1.1	stats_net_dev	144	tx_packets	CULong	8	8
0x216f	sysstat-8.1.1	stats_net_dev	144	rx_bytes	CULong	16	16
0x216f	sysstat-8.1.1	stats_net_dev	144	tx_bytes	CULong	24	24
0x216f	sysstat-8.1.1	stats_net_dev	144	rx_compressed	CULong	32	32
0x216f	sysstat-8.1.1	stats_net_dev	144	tx_compressed	CULong	40	40
0x216f	sysstat-8.1.1	stats_net_dev	144	multicast	CULong	48	48
0x216f	sysstat-8.1.1	stats_net_dev	144	collisions	CULong	56	56
0x216f	sysstat-8.1.1	stats_net_dev	144	rx_errors	CULong	64	64
0x216f	sysstat-8.1.1	stats_net_dev	144	tx_errors	CULong	72	72
0x216f	sysstat-8.1.1	stats_net_dev	144	rx_dropped	CULong	80	80
0x216f	sysstat-8.1.1	stats_net_dev	144	tx_dropped	CULong	88	88
0x216f	sysstat-8.1.1	stats_net_dev	144	rx_fifo_errors	CULong	96	96
0x216f	sysstat-8.1.1	stats_net_dev	144	tx_fifo_errors	CULong	104	104
0x216f	sysstat-8.1.1	stats_net_dev	144	rx_frame_errors	CULong	112	112
0x216f	sysstat-8.1.1	stats_net_dev	144	tx_carrier_errors	CULong	120	120
0x216f	sysstat-8.1.1	stats_net_dev	144	interface	Bytes(16)	128	128
0x216f	sysstat-8.1.1	stats_irq_cpu	8	interrupt	U32	0	0
0x216f	sysstat-8.1.1	stats_irq_cpu	8	irq	U32	4	4
0x216f	sysstat-8.1.1	disk_stats	80	rd_sect	U64	0	0
0x216f	sysstat-8.1.1	disk_stats	80	wr_sect	U64	16	16
0x216f	sysstat-8.1.1	disk_stats	80	rd_ticks	CULong	32	32
0x216f	sysstat-8.1.1	disk_stats	80	wr_ticks	CULong	40	40
0x216f	sysstat-8.1.1	disk_stats	80	tot_ticks	CULong	48	48
0x216f	sysstat-8.1.1	disk_stats	80	rq_ticks	CULong	56	56
0x216f	sysstat-8.1.1	disk_stats	80	nr_ios	CULong	64	64
0x216f	sysstat-8.1.1	disk_stats	80	major	U32	72	72
0x216f	sysstat-8.1.1	disk_stats	80	minor	U32	76	76
0x216f	sysstat-8.1.1	file_comment	240	comment	Bytes(64)	168	164
